ddmmyyyy,time,temp,act,datetime,ZT0
30/08/16,13:00:00,36,33,30/08/16 13:00,30/08/16 13:00
30/08/16,13:01:00,35.88,22,30/08/16 13:01,30/08/16 13:00
30/08/16,13:02:00,35.71,28,30/08/16 13:02,30/08/16 13:00
30/08/16,13:03:00,35.61,64,30/08/16 13:03,30/08/16 13:00
30/08/16,13:04:00,35.47,29,30/08/16 13:04,30/08/16 13:00
30/08/16,13:05:00,35.4,33,30/08/16 13:05,30/08/16 13:00
30/08/16,13:06:00,35.4,33,30/08/16 13:06,30/08/16 13:00
30/08/16,13:07:00,35.42,20,30/08/16 13:07,30/08/16 13:00
30/08/16,13:08:00,35.42,26,30/08/16 13:08,30/08/16 13:00
30/08/16,13:09:00,35.44,48,30/08/16 13:09,30/08/16 13:00
30/08/16,13:10:00,35.48,32,30/08/16 13:10,30/08/16 13:00
30/08/16,13:11:00,35.5,19,30/08/16 13:11,30/08/16 13:00
30/08/16,13:12:00,35.51,20,30/08/16 13:12,30/08/16 13:00
30/08/16,13:13:00,35.51,11,30/08/16 13:13,30/08/16 13:00
30/08/16,13:14:00,35.54,16,30/08/16 13:14,30/08/16 13:00
30/08/16,13:15:00,35.6,24,30/08/16 13:15,30/08/16 13:00
30/08/16,13:16:00,35.63,26,30/08/16 13:16,30/08/16 13:00
30/08/16,13:17:00,35.65,32,30/08/16 13:17,30/08/16 13:00
30/08/16,13:18:00,35.66,37,30/08/16 13:18,30/08/16 13:00
30/08/16,13:19:00,35.67,31,30/08/16 13:19,30/08/16 13:00
30/08/16,13:20:00,35.71,28,30/08/16 13:20,30/08/16 13:00
30/08/16,13:21:00,35.72,33,30/08/16 13:21,30/08/16 13:00
30/08/16,13:22:00,35.74,34,30/08/16 13:22,30/08/16 13:00
30/08/16,13:23:00,35.73,23,30/08/16 13:23,30/08/16 13:00
30/08/16,13:24:00,35.72,46,30/08/16 13:24,30/08/16 13:00
30/08/16,13:25:00,35.76,31,30/08/16 13:25,30/08/16 13:00
30/08/16,13:26:00,35.8,54,30/08/16 13:26,30/08/16 13:00
30/08/16,13:27:00,35.83,30,30/08/16 13:27,30/08/16 13:00
30/08/16,13:28:00,35.87,41,30/08/16 13:28,30/08/16 13:00
30/08/16,13:29:00,35.9,28,30/08/16 13:29,30/08/16 13:00
30/08/16,13:30:00,35.92,49,30/08/16 13:30,30/08/16 13:00
30/08/16,13:31:00,35.94,29,30/08/16 13:31,30/08/16 13:00
30/08/16,13:32:00,35.94,36,30/08/16 13:32,30/08/16 13:00
30/08/16,13:33:00,35.95,37,30/08/16 13:33,30/08/16 13:00
30/08/16,13:34:00,35.95,39,30/08/16 13:34,30/08/16 13:00
30/08/16,13:35:00,35.92,17,30/08/16 13:35,30/08/16 13:00
30/08/16,13:36:00,35.89,36,30/08/16 13:36,30/08/16 13:00
30/08/16,13:37:00,35.88,26,30/08/16 13:37,30/08/16 13:00
30/08/16,13:38:00,35.86,27,30/08/16 13:38,30/08/16 13:00
30/08/16,13:39:00,35.85,25,30/08/16 13:39,30/08/16 13:00
30/08/16,13:40:00,35.85,29,30/08/16 13:40,30/08/16 13:00
30/08/16,13:41:00,35.85,27,30/08/16 13:41,30/08/16 13:00
30/08/16,13:42:00,35.84,24,30/08/16 13:42,30/08/16 13:00
30/08/16,13:43:00,35.83,18,30/08/16 13:43,30/08/16 13:00
30/08/16,13:44:00,35.79,12,30/08/16 13:44,30/08/16 13:00
30/08/16,13:45:00,35.77,17,30/08/16 13:45,30/08/16 13:00
30/08/16,13:46:00,35.73,25,30/08/16 13:46,30/08/16 13:00
30/08/16,13:47:00,35.69,29,30/08/16 13:47,30/08/16 13:00
30/08/16,13:48:00,35.66,11,30/08/16 13:48,30/08/16 13:00
30/08/16,13:49:00,35.62,30,30/08/16 13:49,30/08/16 13:00
30/08/16,13:50:00,35.61,10,30/08/16 13:50,30/08/16 13:00
30/08/16,13:51:00,35.59,18,30/08/16 13:51,30/08/16 13:00
30/08/16,13:52:00,35.57,37,30/08/16 13:52,30/08/16 13:00
30/08/16,13:53:00,35.53,33,30/08/16 13:53,30/08/16 13:00
30/08/16,13:54:00,35.5,50,30/08/16 13:54,30/08/16 13:00
30/08/16,13:55:00,35.47,7,30/08/16 13:55,30/08/16 13:00
30/08/16,13:56:00,35.44,30,30/08/16 13:56,30/08/16 13:00
30/08/16,13:57:00,35.4,17,30/08/16 13:57,30/08/16 13:00
30/08/16,13:58:00,35.38,29,30/08/16 13:58,30/08/16 13:00
30/08/16,13:59:00,35.36,29,30/08/16 13:59,30/08/16 13:00
30/08/16,14:00:00,35.33,21,30/08/16 14:00,30/08/16 13:00
30/08/16,14:01:00,35.28,21,30/08/16 14:01,30/08/16 13:00
30/08/16,14:02:00,35.25,6,30/08/16 14:02,30/08/16 13:00
30/08/16,14:03:00,35.24,18,30/08/16 14:03,30/08/16 13:00
30/08/16,14:04:00,35.18,31,30/08/16 14:04,30/08/16 13:00
30/08/16,14:05:00,35.12,20,30/08/16 14:05,30/08/16 13:00
30/08/16,14:06:00,35.11,12,30/08/16 14:06,30/08/16 13:00
30/08/16,14:07:00,35.11,12,30/08/16 14:07,30/08/16 13:00
30/08/16,14:08:00,35.08,22,30/08/16 14:08,30/08/16 13:00
30/08/16,14:09:00,35.03,12,30/08/16 14:09,30/08/16 13:00
30/08/16,14:10:00,34.96,19,30/08/16 14:10,30/08/16 13:00
30/08/16,14:11:00,34.92,20,30/08/16 14:11,30/08/16 13:00
30/08/16,14:12:00,34.9,8,30/08/16 14:12,30/08/16 13:00
30/08/16,14:13:00,34.89,16,30/08/16 14:13,30/08/16 13:00
30/08/16,14:14:00,34.86,18,30/08/16 14:14,30/08/16 13:00
30/08/16,14:15:00,34.83,15,30/08/16 14:15,30/08/16 13:00
30/08/16,14:16:00,34.82,28,30/08/16 14:16,30/08/16 13:00
30/08/16,14:17:00,34.82,16,30/08/16 14:17,30/08/16 13:00
30/08/16,14:18:00,34.82,18,30/08/16 14:18,30/08/16 13:00
30/08/16,14:19:00,34.81,18,30/08/16 14:19,30/08/16 13:00
30/08/16,14:20:00,34.8,13,30/08/16 14:20,30/08/16 13:00
30/08/16,14:21:00,34.77,15,30/08/16 14:21,30/08/16 13:00
30/08/16,14:22:00,34.77,48,30/08/16 14:22,30/08/16 13:00
30/08/16,14:23:00,34.78,24,30/08/16 14:23,30/08/16 13:00
30/08/16,14:24:00,34.78,10,30/08/16 14:24,30/08/16 13:00
30/08/16,14:25:00,34.78,14,30/08/16 14:25,30/08/16 13:00
30/08/16,14:26:00,34.74,23,30/08/16 14:26,30/08/16 13:00
30/08/16,14:27:00,34.74,19,30/08/16 14:27,30/08/16 13:00
30/08/16,14:28:00,34.73,13,30/08/16 14:28,30/08/16 13:00
30/08/16,14:29:00,34.72,14,30/08/16 14:29,30/08/16 13:00
30/08/16,14:30:00,34.7,18,30/08/16 14:30,30/08/16 13:00
30/08/16,14:31:00,34.67,17,30/08/16 14:31,30/08/16 13:00
30/08/16,14:32:00,34.63,20,30/08/16 14:32,30/08/16 13:00
30/08/16,14:33:00,34.62,16,30/08/16 14:33,30/08/16 13:00
30/08/16,14:34:00,34.62,12,30/08/16 14:34,30/08/16 13:00
30/08/16,14:35:00,34.62,21,30/08/16 14:35,30/08/16 13:00
30/08/16,14:36:00,34.62,27,30/08/16 14:36,30/08/16 13:00
30/08/16,14:37:00,34.62,51,30/08/16 14:37,30/08/16 13:00
30/08/16,14:38:00,34.62,14,30/08/16 14:38,30/08/16 13:00
30/08/16,14:39:00,34.59,4,30/08/16 14:39,30/08/16 13:00
30/08/16,14:40:00,34.56,21,30/08/16 14:40,30/08/16 13:00
30/08/16,14:41:00,34.55,9,30/08/16 14:41,30/08/16 13:00
30/08/16,14:42:00,34.53,26,30/08/16 14:42,30/08/16 13:00
30/08/16,14:43:00,34.53,12,30/08/16 14:43,30/08/16 13:00
30/08/16,14:44:00,34.54,15,30/08/16 14:44,30/08/16 13:00
30/08/16,14:45:00,34.55,7,30/08/16 14:45,30/08/16 13:00
30/08/16,14:46:00,34.54,27,30/08/16 14:46,30/08/16 13:00
30/08/16,14:47:00,34.53,22,30/08/16 14:47,30/08/16 13:00
30/08/16,14:48:00,34.54,17,30/08/16 14:48,30/08/16 13:00
30/08/16,14:49:00,34.54,14,30/08/16 14:49,30/08/16 13:00
30/08/16,14:50:00,34.52,34,30/08/16 14:50,30/08/16 13:00
30/08/16,14:51:00,34.5,29,30/08/16 14:51,30/08/16 13:00
30/08/16,14:52:00,34.49,14,30/08/16 14:52,30/08/16 13:00
30/08/16,14:53:00,34.5,24,30/08/16 14:53,30/08/16 13:00
30/08/16,14:54:00,34.49,14,30/08/16 14:54,30/08/16 13:00
30/08/16,14:55:00,34.49,14,30/08/16 14:55,30/08/16 13:00
30/08/16,14:56:00,34.48,18,30/08/16 14:56,30/08/16 13:00
30/08/16,14:57:00,34.47,18,30/08/16 14:57,30/08/16 13:00
30/08/16,14:58:00,34.44,14,30/08/16 14:58,30/08/16 13:00
30/08/16,14:59:00,34.43,18,30/08/16 14:59,30/08/16 13:00
30/08/16,15:00:00,34.44,13,30/08/16 15:00,30/08/16 13:00
30/08/16,15:01:00,34.44,14,30/08/16 15:01,30/08/16 13:00
30/08/16,15:02:00,34.43,26,30/08/16 15:02,30/08/16 13:00
30/08/16,15:03:00,34.43,51,30/08/16 15:03,30/08/16 13:00
30/08/16,15:04:00,34.47,22,30/08/16 15:04,30/08/16 13:00
30/08/16,15:05:00,34.48,34,30/08/16 15:05,30/08/16 13:00
30/08/16,15:06:00,34.46,7,30/08/16 15:06,30/08/16 13:00
30/08/16,15:07:00,34.45,5,30/08/16 15:07,30/08/16 13:00
30/08/16,15:08:00,34.44,12,30/08/16 15:08,30/08/16 13:00
30/08/16,15:09:00,34.45,11,30/08/16 15:09,30/08/16 13:00
30/08/16,15:10:00,34.46,23,30/08/16 15:10,30/08/16 13:00
30/08/16,15:11:00,34.45,9,30/08/16 15:11,30/08/16 13:00
30/08/16,15:12:00,34.41,34,30/08/16 15:12,30/08/16 13:00
30/08/16,15:13:00,34.38,21,30/08/16 15:13,30/08/16 13:00
30/08/16,15:14:00,34.37,14,30/08/16 15:14,30/08/16 13:00
30/08/16,15:15:00,34.32,34,30/08/16 15:15,30/08/16 13:00
30/08/16,15:16:00,34.32,8,30/08/16 15:16,30/08/16 13:00
30/08/16,15:17:00,34.3,20,30/08/16 15:17,30/08/16 13:00
30/08/16,15:18:00,34.27,18,30/08/16 15:18,30/08/16 13:00
30/08/16,15:19:00,34.24,0,30/08/16 15:19,30/08/16 13:00
30/08/16,15:20:00,34.21,10,30/08/16 15:20,30/08/16 13:00
30/08/16,15:21:00,34.15,24,30/08/16 15:21,30/08/16 13:00
30/08/16,15:22:00,34.13,38,30/08/16 15:22,30/08/16 13:00
30/08/16,15:23:00,34.1,16,30/08/16 15:23,30/08/16 13:00
30/08/16,15:24:00,34.02,32,30/08/16 15:24,30/08/16 13:00
30/08/16,15:25:00,33.98,4,30/08/16 15:25,30/08/16 13:00
30/08/16,15:26:00,33.94,8,30/08/16 15:26,30/08/16 13:00
30/08/16,15:27:00,33.92,23,30/08/16 15:27,30/08/16 13:00
30/08/16,15:28:00,33.88,14,30/08/16 15:28,30/08/16 13:00
30/08/16,15:29:00,33.8,0,30/08/16 15:29,30/08/16 13:00
30/08/16,15:30:00,33.76,0,30/08/16 15:30,30/08/16 13:00
30/08/16,15:31:00,33.72,0,30/08/16 15:31,30/08/16 13:00
30/08/16,15:32:00,33.67,0,30/08/16 15:32,30/08/16 13:00
30/08/16,15:33:00,33.62,0,30/08/16 15:33,30/08/16 13:00
30/08/16,15:34:00,33.56,13,30/08/16 15:34,30/08/16 13:00
30/08/16,15:35:00,33.52,23,30/08/16 15:35,30/08/16 13:00
30/08/16,15:36:00,33.5,20,30/08/16 15:36,30/08/16 13:00
30/08/16,15:37:00,33.49,21,30/08/16 15:37,30/08/16 13:00
30/08/16,15:38:00,33.44,6,30/08/16 15:38,30/08/16 13:00
30/08/16,15:39:00,33.44,3,30/08/16 15:39,30/08/16 13:00
30/08/16,15:40:00,33.44,29,30/08/16 15:40,30/08/16 13:00
30/08/16,15:41:00,33.41,22,30/08/16 15:41,30/08/16 13:00
30/08/16,15:42:00,33.35,10,30/08/16 15:42,30/08/16 13:00
30/08/16,15:43:00,33.31,9,30/08/16 15:43,30/08/16 13:00
30/08/16,15:44:00,33.28,0,30/08/16 15:44,30/08/16 13:00
30/08/16,15:45:00,33.26,0,30/08/16 15:45,30/08/16 13:00
30/08/16,15:46:00,33.22,0,30/08/16 15:46,30/08/16 13:00
30/08/16,15:47:00,33.19,0,30/08/16 15:47,30/08/16 13:00
30/08/16,15:48:00,33.17,0,30/08/16 15:48,30/08/16 13:00
30/08/16,15:49:00,33.16,0,30/08/16 15:49,30/08/16 13:00
30/08/16,15:50:00,33.1,7,30/08/16 15:50,30/08/16 13:00
30/08/16,15:51:00,33.1,1,30/08/16 15:51,30/08/16 13:00
30/08/16,15:52:00,33.1,9,30/08/16 15:52,30/08/16 13:00
30/08/16,15:53:00,33.05,6,30/08/16 15:53,30/08/16 13:00
30/08/16,15:54:00,33,0,30/08/16 15:54,30/08/16 13:00
30/08/16,15:55:00,33.02,17,30/08/16 15:55,30/08/16 13:00
30/08/16,15:56:00,33,8,30/08/16 15:56,30/08/16 13:00
30/08/16,15:57:00,32.96,26,30/08/16 15:57,30/08/16 13:00
30/08/16,15:58:00,32.93,14,30/08/16 15:58,30/08/16 13:00
30/08/16,15:59:00,32.91,17,30/08/16 15:59,30/08/16 13:00
30/08/16,16:00:00,32.89,1,30/08/16 16:00,30/08/16 13:00
30/08/16,16:01:00,32.84,0,30/08/16 16:01,30/08/16 13:00
30/08/16,16:02:00,32.83,0,30/08/16 16:02,30/08/16 13:00
30/08/16,16:03:00,32.85,10,30/08/16 16:03,30/08/16 13:00
30/08/16,16:04:00,32.82,0,30/08/16 16:04,30/08/16 13:00
30/08/16,16:05:00,32.77,0,30/08/16 16:05,30/08/16 13:00
30/08/16,16:06:00,32.77,0,30/08/16 16:06,30/08/16 13:00
30/08/16,16:07:00,32.78,0,30/08/16 16:07,30/08/16 13:00
30/08/16,16:08:00,32.78,0,30/08/16 16:08,30/08/16 13:00
30/08/16,16:09:00,32.73,2,30/08/16 16:09,30/08/16 13:00
30/08/16,16:10:00,32.7,0,30/08/16 16:10,30/08/16 13:00
30/08/16,16:11:00,32.7,0,30/08/16 16:11,30/08/16 13:00
30/08/16,16:12:00,32.72,0,30/08/16 16:12,30/08/16 13:00
30/08/16,16:13:00,32.73,0,30/08/16 16:13,30/08/16 13:00
30/08/16,16:14:00,32.74,0,30/08/16 16:14,30/08/16 13:00
30/08/16,16:15:00,32.76,0,30/08/16 16:15,30/08/16 13:00
30/08/16,16:16:00,32.77,0,30/08/16 16:16,30/08/16 13:00
30/08/16,16:17:00,32.78,0,30/08/16 16:17,30/08/16 13:00
30/08/16,16:18:00,32.81,0,30/08/16 16:18,30/08/16 13:00
30/08/16,16:19:00,32.82,0,30/08/16 16:19,30/08/16 13:00
30/08/16,16:20:00,32.81,8,30/08/16 16:20,30/08/16 13:00
30/08/16,16:21:00,32.79,0,30/08/16 16:21,30/08/16 13:00
30/08/16,16:22:00,32.75,3,30/08/16 16:22,30/08/16 13:00
30/08/16,16:23:00,32.73,21,30/08/16 16:23,30/08/16 13:00
30/08/16,16:24:00,32.74,0,30/08/16 16:24,30/08/16 13:00
30/08/16,16:25:00,32.75,19,30/08/16 16:25,30/08/16 13:00
30/08/16,16:26:00,32.74,0,30/08/16 16:26,30/08/16 13:00
30/08/16,16:27:00,NaN,0,30/08/16 16:27,30/08/16 13:00
30/08/16,16:28:00,NaN,0,30/08/16 16:28,30/08/16 13:00
30/08/16,16:29:00,NaN,0,30/08/16 16:29,30/08/16 13:00
30/08/16,16:30:00,NaN,0,30/08/16 16:30,30/08/16 13:00
30/08/16,16:31:00,NaN,0,30/08/16 16:31,30/08/16 13:00
30/08/16,16:32:00,NaN,0,30/08/16 16:32,30/08/16 13:00
30/08/16,16:33:00,NaN,0,30/08/16 16:33,30/08/16 13:00
30/08/16,16:34:00,NaN,0,30/08/16 16:34,30/08/16 13:00
30/08/16,16:35:00,NaN,0,30/08/16 16:35,30/08/16 13:00
30/08/16,16:36:00,33.55,49,30/08/16 16:36,30/08/16 13:00
30/08/16,16:37:00,33.58,44,30/08/16 16:37,30/08/16 13:00
30/08/16,16:38:00,33.68,30,30/08/16 16:38,30/08/16 13:00
30/08/16,16:39:00,33.8,29,30/08/16 16:39,30/08/16 13:00
30/08/16,16:40:00,33.83,19,30/08/16 16:40,30/08/16 13:00
30/08/16,16:41:00,33.85,26,30/08/16 16:41,30/08/16 13:00
30/08/16,16:42:00,33.88,25,30/08/16 16:42,30/08/16 13:00
30/08/16,16:43:00,33.91,29,30/08/16 16:43,30/08/16 13:00
30/08/16,16:44:00,33.95,19,30/08/16 16:44,30/08/16 13:00
30/08/16,16:45:00,33.96,35,30/08/16 16:45,30/08/16 13:00
30/08/16,16:46:00,33.93,13,30/08/16 16:46,30/08/16 13:00
30/08/16,16:47:00,33.92,30,30/08/16 16:47,30/08/16 13:00
30/08/16,16:48:00,33.91,4,30/08/16 16:48,30/08/16 13:00
30/08/16,16:49:00,33.91,29,30/08/16 16:49,30/08/16 13:00
30/08/16,16:50:00,33.9,20,30/08/16 16:50,30/08/16 13:00
30/08/16,16:51:00,33.87,36,30/08/16 16:51,30/08/16 13:00
30/08/16,16:52:00,33.85,21,30/08/16 16:52,30/08/16 13:00
30/08/16,16:53:00,33.82,18,30/08/16 16:53,30/08/16 13:00
30/08/16,16:54:00,33.81,17,30/08/16 16:54,30/08/16 13:00
30/08/16,16:55:00,33.81,5,30/08/16 16:55,30/08/16 13:00
30/08/16,16:56:00,33.81,27,30/08/16 16:56,30/08/16 13:00
30/08/16,16:57:00,33.79,9,30/08/16 16:57,30/08/16 13:00
30/08/16,16:58:00,33.77,7,30/08/16 16:58,30/08/16 13:00
30/08/16,16:59:00,33.74,37,30/08/16 16:59,30/08/16 13:00
30/08/16,17:00:00,33.72,16,30/08/16 17:00,30/08/16 13:00
30/08/16,17:01:00,33.67,16,30/08/16 17:01,30/08/16 13:00
30/08/16,17:02:00,33.61,0,30/08/16 17:02,30/08/16 13:00
30/08/16,17:03:00,33.59,8,30/08/16 17:03,30/08/16 13:00
30/08/16,17:04:00,33.54,12,30/08/16 17:04,30/08/16 13:00
30/08/16,17:05:00,33.48,7,30/08/16 17:05,30/08/16 13:00
30/08/16,17:06:00,33.44,0,30/08/16 17:06,30/08/16 13:00
30/08/16,17:07:00,33.41,1,30/08/16 17:07,30/08/16 13:00
30/08/16,17:08:00,33.35,27,30/08/16 17:08,30/08/16 13:00
30/08/16,17:09:00,33.3,1,30/08/16 17:09,30/08/16 13:00
30/08/16,17:10:00,33.24,3,30/08/16 17:10,30/08/16 13:00
30/08/16,17:11:00,33.19,10,30/08/16 17:11,30/08/16 13:00
30/08/16,17:12:00,33.13,14,30/08/16 17:12,30/08/16 13:00
30/08/16,17:13:00,33.06,6,30/08/16 17:13,30/08/16 13:00
30/08/16,17:14:00,33.02,10,30/08/16 17:14,30/08/16 13:00
30/08/16,17:15:00,33.01,41,30/08/16 17:15,30/08/16 13:00
30/08/16,17:16:00,32.99,0,30/08/16 17:16,30/08/16 13:00
30/08/16,17:17:00,32.95,0,30/08/16 17:17,30/08/16 13:00
30/08/16,17:18:00,32.94,9,30/08/16 17:18,30/08/16 13:00
30/08/16,17:19:00,32.89,12,30/08/16 17:19,30/08/16 13:00
30/08/16,17:20:00,32.83,0,30/08/16 17:20,30/08/16 13:00
30/08/16,17:21:00,32.7,0,30/08/16 17:21,30/08/16 13:00
30/08/16,17:22:00,32.67,10,30/08/16 17:22,30/08/16 13:00
30/08/16,17:23:00,32.64,24,30/08/16 17:23,30/08/16 13:00
30/08/16,17:24:00,32.59,1,30/08/16 17:24,30/08/16 13:00
30/08/16,17:25:00,32.53,3,30/08/16 17:25,30/08/16 13:00
30/08/16,17:26:00,32.48,0,30/08/16 17:26,30/08/16 13:00
30/08/16,17:27:00,32.44,0,30/08/16 17:27,30/08/16 13:00
30/08/16,17:28:00,32.4,0,30/08/16 17:28,30/08/16 13:00
30/08/16,17:29:00,32.38,0,30/08/16 17:29,30/08/16 13:00
30/08/16,17:30:00,32.36,0,30/08/16 17:30,30/08/16 13:00
30/08/16,17:31:00,32.32,0,30/08/16 17:31,30/08/16 13:00
30/08/16,17:32:00,32.19,0,30/08/16 17:32,30/08/16 13:00
30/08/16,17:33:00,32.11,0,30/08/16 17:33,30/08/16 13:00
30/08/16,17:34:00,32.04,0,30/08/16 17:34,30/08/16 13:00
30/08/16,17:35:00,32,0,30/08/16 17:35,30/08/16 13:00
30/08/16,17:36:00,31.95,0,30/08/16 17:36,30/08/16 13:00
30/08/16,17:37:00,31.91,3,30/08/16 17:37,30/08/16 13:00
30/08/16,17:38:00,31.79,0,30/08/16 17:38,30/08/16 13:00
30/08/16,17:39:00,31.74,0,30/08/16 17:39,30/08/16 13:00
30/08/16,17:40:00,31.7,0,30/08/16 17:40,30/08/16 13:00
30/08/16,17:41:00,31.66,0,30/08/16 17:41,30/08/16 13:00
30/08/16,17:42:00,31.6,0,30/08/16 17:42,30/08/16 13:00
30/08/16,17:43:00,31.55,1,30/08/16 17:43,30/08/16 13:00
30/08/16,17:44:00,31.52,0,30/08/16 17:44,30/08/16 13:00
30/08/16,17:45:00,31.49,0,30/08/16 17:45,30/08/16 13:00
30/08/16,17:46:00,31.45,0,30/08/16 17:46,30/08/16 13:00
30/08/16,17:47:00,31.39,0,30/08/16 17:47,30/08/16 13:00
30/08/16,17:48:00,31.35,0,30/08/16 17:48,30/08/16 13:00
30/08/16,17:49:00,31.29,0,30/08/16 17:49,30/08/16 13:00
30/08/16,17:50:00,31.24,0,30/08/16 17:50,30/08/16 13:00
30/08/16,17:51:00,31.2,0,30/08/16 17:51,30/08/16 13:00
30/08/16,17:52:00,31.16,0,30/08/16 17:52,30/08/16 13:00
30/08/16,17:53:00,31.13,0,30/08/16 17:53,30/08/16 13:00
30/08/16,17:54:00,31.09,0,30/08/16 17:54,30/08/16 13:00
30/08/16,17:55:00,31.05,0,30/08/16 17:55,30/08/16 13:00
30/08/16,17:56:00,30.99,32,30/08/16 17:56,30/08/16 13:00
30/08/16,17:57:00,30.94,1,30/08/16 17:57,30/08/16 13:00
30/08/16,17:58:00,30.91,1,30/08/16 17:58,30/08/16 13:00
30/08/16,17:59:00,30.87,2,30/08/16 17:59,30/08/16 13:00
30/08/16,18:00:00,30.84,0,30/08/16 18:00,30/08/16 13:00
30/08/16,18:01:00,30.81,0,30/08/16 18:01,30/08/16 13:00
30/08/16,18:02:00,30.77,1,30/08/16 18:02,30/08/16 13:00
30/08/16,18:03:00,30.74,3,30/08/16 18:03,30/08/16 13:00
30/08/16,18:04:00,30.68,13,30/08/16 18:04,30/08/16 13:00
30/08/16,18:05:00,30.64,7,30/08/16 18:05,30/08/16 13:00
30/08/16,18:06:00,30.58,0,30/08/16 18:06,30/08/16 13:00
30/08/16,18:07:00,30.55,0,30/08/16 18:07,30/08/16 13:00
30/08/16,18:08:00,30.52,1,30/08/16 18:08,30/08/16 13:00
30/08/16,18:09:00,30.48,0,30/08/16 18:09,30/08/16 13:00
30/08/16,18:10:00,30.44,0,30/08/16 18:10,30/08/16 13:00
30/08/16,18:11:00,30.38,0,30/08/16 18:11,30/08/16 13:00
30/08/16,18:12:00,30.33,0,30/08/16 18:12,30/08/16 13:00
30/08/16,18:13:00,30.28,0,30/08/16 18:13,30/08/16 13:00
30/08/16,18:14:00,30.24,0,30/08/16 18:14,30/08/16 13:00
30/08/16,18:15:00,30.2,0,30/08/16 18:15,30/08/16 13:00
30/08/16,18:16:00,30.15,0,30/08/16 18:16,30/08/16 13:00
30/08/16,18:17:00,30.12,1,30/08/16 18:17,30/08/16 13:00
30/08/16,18:18:00,30.07,15,30/08/16 18:18,30/08/16 13:00
30/08/16,18:19:00,30.02,9,30/08/16 18:19,30/08/16 13:00
30/08/16,18:20:00,30.02,11,30/08/16 18:20,30/08/16 13:00
30/08/16,18:21:00,29.99,4,30/08/16 18:21,30/08/16 13:00
30/08/16,18:22:00,29.89,0,30/08/16 18:22,30/08/16 13:00
30/08/16,18:23:00,29.9,0,30/08/16 18:23,30/08/16 13:00
30/08/16,18:24:00,29.9,0,30/08/16 18:24,30/08/16 13:00
30/08/16,18:25:00,29.87,0,30/08/16 18:25,30/08/16 13:00
30/08/16,18:26:00,29.82,0,30/08/16 18:26,30/08/16 13:00
30/08/16,18:27:00,29.78,0,30/08/16 18:27,30/08/16 13:00
30/08/16,18:28:00,29.72,0,30/08/16 18:28,30/08/16 13:00
30/08/16,18:29:00,29.67,0,30/08/16 18:29,30/08/16 13:00
30/08/16,18:30:00,29.6,0,30/08/16 18:30,30/08/16 13:00
30/08/16,18:31:00,29.56,0,30/08/16 18:31,30/08/16 13:00
30/08/16,18:32:00,29.51,0,30/08/16 18:32,30/08/16 13:00
30/08/16,18:33:00,29.46,0,30/08/16 18:33,30/08/16 13:00
30/08/16,18:34:00,29.42,0,30/08/16 18:34,30/08/16 13:00
30/08/16,18:35:00,29.39,0,30/08/16 18:35,30/08/16 13:00
30/08/16,18:36:00,29.34,0,30/08/16 18:36,30/08/16 13:00
30/08/16,18:37:00,29.26,0,30/08/16 18:37,30/08/16 13:00
30/08/16,18:38:00,29.19,0,30/08/16 18:38,30/08/16 13:00
30/08/16,18:39:00,29.14,0,30/08/16 18:39,30/08/16 13:00
30/08/16,18:40:00,29.1,0,30/08/16 18:40,30/08/16 13:00
30/08/16,18:41:00,29.06,0,30/08/16 18:41,30/08/16 13:00
30/08/16,18:42:00,29.02,0,30/08/16 18:42,30/08/16 13:00
30/08/16,18:43:00,28.98,0,30/08/16 18:43,30/08/16 13:00
30/08/16,18:44:00,28.91,0,30/08/16 18:44,30/08/16 13:00
30/08/16,18:45:00,28.86,0,30/08/16 18:45,30/08/16 13:00
30/08/16,18:46:00,28.85,0,30/08/16 18:46,30/08/16 13:00
30/08/16,18:47:00,28.83,0,30/08/16 18:47,30/08/16 13:00
30/08/16,18:48:00,28.77,0,30/08/16 18:48,30/08/16 13:00
30/08/16,18:49:00,28.74,0,30/08/16 18:49,30/08/16 13:00
30/08/16,18:50:00,28.72,0,30/08/16 18:50,30/08/16 13:00
30/08/16,18:51:00,28.67,0,30/08/16 18:51,30/08/16 13:00
30/08/16,18:52:00,28.62,0,30/08/16 18:52,30/08/16 13:00
30/08/16,18:53:00,28.58,0,30/08/16 18:53,30/08/16 13:00
30/08/16,18:54:00,28.56,0,30/08/16 18:54,30/08/16 13:00
30/08/16,18:55:00,28.51,0,30/08/16 18:55,30/08/16 13:00
30/08/16,18:56:00,28.47,0,30/08/16 18:56,30/08/16 13:00
30/08/16,18:57:00,28.44,0,30/08/16 18:57,30/08/16 13:00
30/08/16,18:58:00,28.41,0,30/08/16 18:58,30/08/16 13:00
30/08/16,18:59:00,28.35,0,30/08/16 18:59,30/08/16 13:00
30/08/16,19:00:00,28.3,0,30/08/16 19:00,30/08/16 13:00
30/08/16,19:01:00,28.27,0,30/08/16 19:01,30/08/16 13:00
30/08/16,19:02:00,28.25,0,30/08/16 19:02,30/08/16 13:00
30/08/16,19:03:00,28.22,0,30/08/16 19:03,30/08/16 13:00
30/08/16,19:04:00,28.21,0,30/08/16 19:04,30/08/16 13:00
30/08/16,19:05:00,28.18,0,30/08/16 19:05,30/08/16 13:00
30/08/16,19:06:00,28.15,0,30/08/16 19:06,30/08/16 13:00
30/08/16,19:07:00,28.1,0,30/08/16 19:07,30/08/16 13:00
30/08/16,19:08:00,28.07,0,30/08/16 19:08,30/08/16 13:00
30/08/16,19:09:00,28.03,3,30/08/16 19:09,30/08/16 13:00
30/08/16,19:10:00,28.02,0,30/08/16 19:10,30/08/16 13:00
30/08/16,19:11:00,28.01,0,30/08/16 19:11,30/08/16 13:00
30/08/16,19:12:00,27.97,0,30/08/16 19:12,30/08/16 13:00
30/08/16,19:13:00,27.95,0,30/08/16 19:13,30/08/16 13:00
30/08/16,19:14:00,27.95,0,30/08/16 19:14,30/08/16 13:00
30/08/16,19:15:00,27.92,0,30/08/16 19:15,30/08/16 13:00
30/08/16,19:16:00,27.89,0,30/08/16 19:16,30/08/16 13:00
30/08/16,19:17:00,27.85,0,30/08/16 19:17,30/08/16 13:00
30/08/16,19:18:00,27.81,0,30/08/16 19:18,30/08/16 13:00
30/08/16,19:19:00,27.78,0,30/08/16 19:19,30/08/16 13:00
30/08/16,19:20:00,27.76,0,30/08/16 19:20,30/08/16 13:00
30/08/16,19:21:00,27.74,0,30/08/16 19:21,30/08/16 13:00
30/08/16,19:22:00,27.73,0,30/08/16 19:22,30/08/16 13:00
30/08/16,19:23:00,27.7,0,30/08/16 19:23,30/08/16 13:00
30/08/16,19:24:00,27.66,0,30/08/16 19:24,30/08/16 13:00
30/08/16,19:25:00,27.63,0,30/08/16 19:25,30/08/16 13:00
30/08/16,19:26:00,27.61,0,30/08/16 19:26,30/08/16 13:00
30/08/16,19:27:00,27.59,0,30/08/16 19:27,30/08/16 13:00
30/08/16,19:28:00,27.58,0,30/08/16 19:28,30/08/16 13:00
30/08/16,19:29:00,27.54,0,30/08/16 19:29,30/08/16 13:00
30/08/16,19:30:00,27.51,0,30/08/16 19:30,30/08/16 13:00
30/08/16,19:31:00,27.48,0,30/08/16 19:31,30/08/16 13:00
30/08/16,19:32:00,27.46,0,30/08/16 19:32,30/08/16 13:00
30/08/16,19:33:00,27.43,0,30/08/16 19:33,30/08/16 13:00
30/08/16,19:34:00,27.4,0,30/08/16 19:34,30/08/16 13:00
30/08/16,19:35:00,27.37,0,30/08/16 19:35,30/08/16 13:00
30/08/16,19:36:00,27.34,0,30/08/16 19:36,30/08/16 13:00
30/08/16,19:37:00,27.31,0,30/08/16 19:37,30/08/16 13:00
30/08/16,19:38:00,27.28,0,30/08/16 19:38,30/08/16 13:00
30/08/16,19:39:00,27.25,0,30/08/16 19:39,30/08/16 13:00
30/08/16,19:40:00,27.23,0,30/08/16 19:40,30/08/16 13:00
30/08/16,19:41:00,27.21,0,30/08/16 19:41,30/08/16 13:00
30/08/16,19:42:00,27.18,0,30/08/16 19:42,30/08/16 13:00
30/08/16,19:43:00,27.12,0,30/08/16 19:43,30/08/16 13:00
30/08/16,19:44:00,27.09,0,30/08/16 19:44,30/08/16 13:00
30/08/16,19:45:00,27.06,0,30/08/16 19:45,30/08/16 13:00
30/08/16,19:46:00,27.05,0,30/08/16 19:46,30/08/16 13:00
30/08/16,19:47:00,27.04,0,30/08/16 19:47,30/08/16 13:00
30/08/16,19:48:00,27.02,0,30/08/16 19:48,30/08/16 13:00
30/08/16,19:49:00,26.99,0,30/08/16 19:49,30/08/16 13:00
30/08/16,19:50:00,26.94,0,30/08/16 19:50,30/08/16 13:00
30/08/16,19:51:00,26.93,0,30/08/16 19:51,30/08/16 13:00
30/08/16,19:52:00,26.94,6,30/08/16 19:52,30/08/16 13:00
30/08/16,19:53:00,26.96,0,30/08/16 19:53,30/08/16 13:00
30/08/16,19:54:00,26.95,0,30/08/16 19:54,30/08/16 13:00
30/08/16,19:55:00,26.92,0,30/08/16 19:55,30/08/16 13:00
30/08/16,19:56:00,26.89,0,30/08/16 19:56,30/08/16 13:00
30/08/16,19:57:00,26.86,4,30/08/16 19:57,30/08/16 13:00
30/08/16,19:58:00,26.77,0,30/08/16 19:58,30/08/16 13:00
30/08/16,19:59:00,26.79,0,30/08/16 19:59,30/08/16 13:00
30/08/16,20:00:00,26.81,0,30/08/16 20:00,30/08/16 13:00
30/08/16,20:01:00,26.83,0,30/08/16 20:01,30/08/16 13:00
30/08/16,20:02:00,26.84,0,30/08/16 20:02,30/08/16 13:00
30/08/16,20:03:00,26.83,0,30/08/16 20:03,30/08/16 13:00
30/08/16,20:04:00,26.82,8,30/08/16 20:04,30/08/16 13:00
30/08/16,20:05:00,26.76,12,30/08/16 20:05,30/08/16 13:00
30/08/16,20:06:00,26.68,0,30/08/16 20:06,30/08/16 13:00
30/08/16,20:07:00,26.64,4,30/08/16 20:07,30/08/16 13:00
30/08/16,20:08:00,26.61,0,30/08/16 20:08,30/08/16 13:00
30/08/16,20:09:00,26.59,0,30/08/16 20:09,30/08/16 13:00
30/08/16,20:10:00,26.56,2,30/08/16 20:10,30/08/16 13:00
30/08/16,20:11:00,26.5,14,30/08/16 20:11,30/08/16 13:00
30/08/16,20:12:00,26.4,9,30/08/16 20:12,30/08/16 13:00
30/08/16,20:13:00,26.41,11,30/08/16 20:13,30/08/16 13:00
30/08/16,20:14:00,26.43,12,30/08/16 20:14,30/08/16 13:00
30/08/16,20:15:00,26.4,0,30/08/16 20:15,30/08/16 13:00
30/08/16,20:16:00,26.36,0,30/08/16 20:16,30/08/16 13:00
30/08/16,20:17:00,26.34,0,30/08/16 20:17,30/08/16 13:00
30/08/16,20:18:00,26.32,0,30/08/16 20:18,30/08/16 13:00
30/08/16,20:19:00,26.3,0,30/08/16 20:19,30/08/16 13:00
30/08/16,20:20:00,26.3,0,30/08/16 20:20,30/08/16 13:00
30/08/16,20:21:00,26.3,0,30/08/16 20:21,30/08/16 13:00
30/08/16,20:22:00,26.29,0,30/08/16 20:22,30/08/16 13:00
30/08/16,20:23:00,26.26,0,30/08/16 20:23,30/08/16 13:00
30/08/16,20:24:00,26.24,0,30/08/16 20:24,30/08/16 13:00
30/08/16,20:25:00,26.2,2,30/08/16 20:25,30/08/16 13:00
30/08/16,20:26:00,26.16,0,30/08/16 20:26,30/08/16 13:00
30/08/16,20:27:00,26.14,0,30/08/16 20:27,30/08/16 13:00
30/08/16,20:28:00,26.1,0,30/08/16 20:28,30/08/16 13:00
30/08/16,20:29:00,26.08,0,30/08/16 20:29,30/08/16 13:00
30/08/16,20:30:00,26.06,0,30/08/16 20:30,30/08/16 13:00
30/08/16,20:31:00,26.03,0,30/08/16 20:31,30/08/16 13:00
30/08/16,20:32:00,26,0,30/08/16 20:32,30/08/16 13:00
30/08/16,20:33:00,25.98,0,30/08/16 20:33,30/08/16 13:00
30/08/16,20:34:00,25.95,0,30/08/16 20:34,30/08/16 13:00
30/08/16,20:35:00,25.93,0,30/08/16 20:35,30/08/16 13:00
30/08/16,20:36:00,25.9,0,30/08/16 20:36,30/08/16 13:00
30/08/16,20:37:00,25.86,0,30/08/16 20:37,30/08/16 13:00
30/08/16,20:38:00,25.83,0,30/08/16 20:38,30/08/16 13:00
30/08/16,20:39:00,25.8,0,30/08/16 20:39,30/08/16 13:00
30/08/16,20:40:00,25.76,0,30/08/16 20:40,30/08/16 13:00
30/08/16,20:41:00,25.75,7,30/08/16 20:41,30/08/16 13:00
30/08/16,20:42:00,25.71,18,30/08/16 20:42,30/08/16 13:00
30/08/16,20:43:00,25.65,0,30/08/16 20:43,30/08/16 13:00
30/08/16,20:44:00,25.64,0,30/08/16 20:44,30/08/16 13:00
30/08/16,20:45:00,25.64,0,30/08/16 20:45,30/08/16 13:00
30/08/16,20:46:00,25.63,0,30/08/16 20:46,30/08/16 13:00
30/08/16,20:47:00,25.62,0,30/08/16 20:47,30/08/16 13:00
30/08/16,20:48:00,25.59,0,30/08/16 20:48,30/08/16 13:00
30/08/16,20:49:00,25.56,0,30/08/16 20:49,30/08/16 13:00
30/08/16,20:50:00,25.56,0,30/08/16 20:50,30/08/16 13:00
30/08/16,20:51:00,25.55,0,30/08/16 20:51,30/08/16 13:00
30/08/16,20:52:00,25.53,0,30/08/16 20:52,30/08/16 13:00
30/08/16,20:53:00,25.52,0,30/08/16 20:53,30/08/16 13:00
30/08/16,20:54:00,25.51,0,30/08/16 20:54,30/08/16 13:00
30/08/16,20:55:00,25.5,0,30/08/16 20:55,30/08/16 13:00
30/08/16,20:56:00,25.5,0,30/08/16 20:56,30/08/16 13:00
30/08/16,20:57:00,25.48,0,30/08/16 20:57,30/08/16 13:00
30/08/16,20:58:00,25.46,0,30/08/16 20:58,30/08/16 13:00
30/08/16,20:59:00,25.45,0,30/08/16 20:59,30/08/16 13:00
30/08/16,21:00:00,25.43,0,30/08/16 21:00,30/08/16 13:00
30/08/16,21:01:00,25.42,0,30/08/16 21:01,30/08/16 13:00
30/08/16,21:02:00,25.4,0,30/08/16 21:02,30/08/16 13:00
30/08/16,21:03:00,25.39,0,30/08/16 21:03,30/08/16 13:00
30/08/16,21:04:00,25.36,0,30/08/16 21:04,30/08/16 13:00
30/08/16,21:05:00,25.34,0,30/08/16 21:05,30/08/16 13:00
30/08/16,21:06:00,25.33,0,30/08/16 21:06,30/08/16 13:00
30/08/16,21:07:00,25.3,0,30/08/16 21:07,30/08/16 13:00
30/08/16,21:08:00,25.27,0,30/08/16 21:08,30/08/16 13:00
30/08/16,21:09:00,25.25,0,30/08/16 21:09,30/08/16 13:00
30/08/16,21:10:00,25.24,0,30/08/16 21:10,30/08/16 13:00
30/08/16,21:11:00,25.23,0,30/08/16 21:11,30/08/16 13:00
30/08/16,21:12:00,25.22,0,30/08/16 21:12,30/08/16 13:00
30/08/16,21:13:00,25.21,0,30/08/16 21:13,30/08/16 13:00
30/08/16,21:14:00,25.2,0,30/08/16 21:14,30/08/16 13:00
30/08/16,21:15:00,25.2,0,30/08/16 21:15,30/08/16 13:00
30/08/16,21:16:00,25.19,0,30/08/16 21:16,30/08/16 13:00
30/08/16,21:17:00,25.18,0,30/08/16 21:17,30/08/16 13:00
30/08/16,21:18:00,25.17,0,30/08/16 21:18,30/08/16 13:00
30/08/16,21:19:00,25.16,0,30/08/16 21:19,30/08/16 13:00
30/08/16,21:20:00,25.15,0,30/08/16 21:20,30/08/16 13:00
30/08/16,21:21:00,25.14,0,30/08/16 21:21,30/08/16 13:00
30/08/16,21:22:00,25.13,0,30/08/16 21:22,30/08/16 13:00
30/08/16,21:23:00,25.11,0,30/08/16 21:23,30/08/16 13:00
30/08/16,21:24:00,25.1,0,30/08/16 21:24,30/08/16 13:00
30/08/16,21:25:00,25.09,0,30/08/16 21:25,30/08/16 13:00
30/08/16,21:26:00,25.05,3,30/08/16 21:26,30/08/16 13:00
30/08/16,21:27:00,25.04,0,30/08/16 21:27,30/08/16 13:00
30/08/16,21:28:00,25.03,0,30/08/16 21:28,30/08/16 13:00
30/08/16,21:29:00,25.03,0,30/08/16 21:29,30/08/16 13:00
30/08/16,21:30:00,25.03,0,30/08/16 21:30,30/08/16 13:00
30/08/16,21:31:00,25.02,0,30/08/16 21:31,30/08/16 13:00
30/08/16,21:32:00,25.01,0,30/08/16 21:32,30/08/16 13:00
30/08/16,21:33:00,25,0,30/08/16 21:33,30/08/16 13:00
30/08/16,21:34:00,24.98,0,30/08/16 21:34,30/08/16 13:00
30/08/16,21:35:00,24.95,0,30/08/16 21:35,30/08/16 13:00
30/08/16,21:36:00,24.95,0,30/08/16 21:36,30/08/16 13:00
30/08/16,21:37:00,24.95,0,30/08/16 21:37,30/08/16 13:00
30/08/16,21:38:00,24.94,0,30/08/16 21:38,30/08/16 13:00
30/08/16,21:39:00,24.95,0,30/08/16 21:39,30/08/16 13:00
30/08/16,21:40:00,24.95,0,30/08/16 21:40,30/08/16 13:00
30/08/16,21:41:00,24.94,0,30/08/16 21:41,30/08/16 13:00
30/08/16,21:42:00,24.92,0,30/08/16 21:42,30/08/16 13:00
30/08/16,21:43:00,24.91,0,30/08/16 21:43,30/08/16 13:00
30/08/16,21:44:00,24.91,0,30/08/16 21:44,30/08/16 13:00
30/08/16,21:45:00,24.9,0,30/08/16 21:45,30/08/16 13:00
30/08/16,21:46:00,24.9,0,30/08/16 21:46,30/08/16 13:00
30/08/16,21:47:00,24.9,0,30/08/16 21:47,30/08/16 13:00
30/08/16,21:48:00,24.88,0,30/08/16 21:48,30/08/16 13:00
30/08/16,21:49:00,24.87,0,30/08/16 21:49,30/08/16 13:00
30/08/16,21:50:00,24.85,2,30/08/16 21:50,30/08/16 13:00
30/08/16,21:51:00,24.82,3,30/08/16 21:51,30/08/16 13:00
30/08/16,21:52:00,24.81,0,30/08/16 21:52,30/08/16 13:00
30/08/16,21:53:00,24.8,0,30/08/16 21:53,30/08/16 13:00
30/08/16,21:54:00,24.8,0,30/08/16 21:54,30/08/16 13:00
30/08/16,21:55:00,24.79,0,30/08/16 21:55,30/08/16 13:00
30/08/16,21:56:00,24.79,0,30/08/16 21:56,30/08/16 13:00
30/08/16,21:57:00,24.79,0,30/08/16 21:57,30/08/16 13:00
30/08/16,21:58:00,24.8,0,30/08/16 21:58,30/08/16 13:00
30/08/16,21:59:00,24.8,0,30/08/16 21:59,30/08/16 13:00
30/08/16,22:00:00,24.78,0,30/08/16 22:00,30/08/16 13:00
30/08/16,22:01:00,24.79,0,30/08/16 22:01,30/08/16 13:00
30/08/16,22:02:00,24.79,0,30/08/16 22:02,30/08/16 13:00
30/08/16,22:03:00,24.79,0,30/08/16 22:03,30/08/16 13:00
30/08/16,22:04:00,24.79,0,30/08/16 22:04,30/08/16 13:00
30/08/16,22:05:00,24.79,0,30/08/16 22:05,30/08/16 13:00
30/08/16,22:06:00,24.78,0,30/08/16 22:06,30/08/16 13:00
30/08/16,22:07:00,24.78,0,30/08/16 22:07,30/08/16 13:00
30/08/16,22:08:00,24.77,0,30/08/16 22:08,30/08/16 13:00
30/08/16,22:09:00,24.76,0,30/08/16 22:09,30/08/16 13:00
30/08/16,22:10:00,24.75,0,30/08/16 22:10,30/08/16 13:00
30/08/16,22:11:00,24.74,0,30/08/16 22:11,30/08/16 13:00
30/08/16,22:12:00,24.71,0,30/08/16 22:12,30/08/16 13:00
30/08/16,22:13:00,24.7,0,30/08/16 22:13,30/08/16 13:00
30/08/16,22:14:00,24.7,0,30/08/16 22:14,30/08/16 13:00
30/08/16,22:15:00,24.7,0,30/08/16 22:15,30/08/16 13:00
30/08/16,22:16:00,24.7,0,30/08/16 22:16,30/08/16 13:00
30/08/16,22:17:00,24.69,0,30/08/16 22:17,30/08/16 13:00
30/08/16,22:18:00,24.7,0,30/08/16 22:18,30/08/16 13:00
30/08/16,22:19:00,24.7,0,30/08/16 22:19,30/08/16 13:00
30/08/16,22:20:00,24.7,2,30/08/16 22:20,30/08/16 13:00
30/08/16,22:21:00,24.74,0,30/08/16 22:21,30/08/16 13:00
30/08/16,22:22:00,24.77,0,30/08/16 22:22,30/08/16 13:00
30/08/16,22:23:00,24.8,0,30/08/16 22:23,30/08/16 13:00
30/08/16,22:24:00,24.83,0,30/08/16 22:24,30/08/16 13:00
30/08/16,22:25:00,24.85,0,30/08/16 22:25,30/08/16 13:00
30/08/16,22:26:00,24.85,0,30/08/16 22:26,30/08/16 13:00
30/08/16,22:27:00,24.79,0,30/08/16 22:27,30/08/16 13:00
30/08/16,22:28:00,24.72,0,30/08/16 22:28,30/08/16 13:00
30/08/16,22:29:00,24.68,0,30/08/16 22:29,30/08/16 13:00
30/08/16,22:30:00,24.65,0,30/08/16 22:30,30/08/16 13:00
30/08/16,22:31:00,24.65,0,30/08/16 22:31,30/08/16 13:00
30/08/16,22:32:00,24.66,0,30/08/16 22:32,30/08/16 13:00
30/08/16,22:33:00,24.68,0,30/08/16 22:33,30/08/16 13:00
30/08/16,22:34:00,24.67,0,30/08/16 22:34,30/08/16 13:00
30/08/16,22:35:00,24.67,0,30/08/16 22:35,30/08/16 13:00
30/08/16,22:36:00,24.67,0,30/08/16 22:36,30/08/16 13:00
30/08/16,22:37:00,24.67,0,30/08/16 22:37,30/08/16 13:00
30/08/16,22:38:00,24.67,0,30/08/16 22:38,30/08/16 13:00
30/08/16,22:39:00,24.67,0,30/08/16 22:39,30/08/16 13:00
30/08/16,22:40:00,24.68,0,30/08/16 22:40,30/08/16 13:00
30/08/16,22:41:00,24.68,0,30/08/16 22:41,30/08/16 13:00
30/08/16,22:42:00,24.67,0,30/08/16 22:42,30/08/16 13:00
30/08/16,22:43:00,24.68,0,30/08/16 22:43,30/08/16 13:00
30/08/16,22:44:00,24.69,0,30/08/16 22:44,30/08/16 13:00
30/08/16,22:45:00,24.69,0,30/08/16 22:45,30/08/16 13:00
30/08/16,22:46:00,24.7,0,30/08/16 22:46,30/08/16 13:00
30/08/16,22:47:00,24.7,0,30/08/16 22:47,30/08/16 13:00
30/08/16,22:48:00,24.73,0,30/08/16 22:48,30/08/16 13:00
30/08/16,22:49:00,24.74,0,30/08/16 22:49,30/08/16 13:00
30/08/16,22:50:00,24.74,0,30/08/16 22:50,30/08/16 13:00
30/08/16,22:51:00,24.73,0,30/08/16 22:51,30/08/16 13:00
30/08/16,22:52:00,24.73,0,30/08/16 22:52,30/08/16 13:00
30/08/16,22:53:00,24.72,0,30/08/16 22:53,30/08/16 13:00
30/08/16,22:54:00,24.72,0,30/08/16 22:54,30/08/16 13:00
30/08/16,22:55:00,24.71,0,30/08/16 22:55,30/08/16 13:00
30/08/16,22:56:00,24.7,0,30/08/16 22:56,30/08/16 13:00
30/08/16,22:57:00,24.7,0,30/08/16 22:57,30/08/16 13:00
30/08/16,22:58:00,24.69,0,30/08/16 22:58,30/08/16 13:00
30/08/16,22:59:00,24.67,0,30/08/16 22:59,30/08/16 13:00
30/08/16,23:00:00,24.66,0,30/08/16 23:00,30/08/16 13:00
30/08/16,23:01:00,24.65,0,30/08/16 23:01,30/08/16 13:00
30/08/16,23:02:00,24.65,0,30/08/16 23:02,30/08/16 13:00
30/08/16,23:03:00,24.66,0,30/08/16 23:03,30/08/16 13:00
30/08/16,23:04:00,24.66,0,30/08/16 23:04,30/08/16 13:00
30/08/16,23:05:00,24.66,0,30/08/16 23:05,30/08/16 13:00
30/08/16,23:06:00,24.68,0,30/08/16 23:06,30/08/16 13:00
30/08/16,23:07:00,24.68,0,30/08/16 23:07,30/08/16 13:00
30/08/16,23:08:00,24.67,0,30/08/16 23:08,30/08/16 13:00
30/08/16,23:09:00,24.67,0,30/08/16 23:09,30/08/16 13:00
30/08/16,23:10:00,24.64,0,30/08/16 23:10,30/08/16 13:00
30/08/16,23:11:00,24.61,0,30/08/16 23:11,30/08/16 13:00
30/08/16,23:12:00,24.6,0,30/08/16 23:12,30/08/16 13:00
30/08/16,23:13:00,24.59,0,30/08/16 23:13,30/08/16 13:00
30/08/16,23:14:00,24.58,0,30/08/16 23:14,30/08/16 13:00
30/08/16,23:15:00,24.58,0,30/08/16 23:15,30/08/16 13:00
30/08/16,23:16:00,24.58,0,30/08/16 23:16,30/08/16 13:00
30/08/16,23:17:00,24.58,0,30/08/16 23:17,30/08/16 13:00
30/08/16,23:18:00,24.58,0,30/08/16 23:18,30/08/16 13:00
30/08/16,23:19:00,24.58,0,30/08/16 23:19,30/08/16 13:00
30/08/16,23:20:00,24.58,0,30/08/16 23:20,30/08/16 13:00
30/08/16,23:21:00,24.58,0,30/08/16 23:21,30/08/16 13:00
30/08/16,23:22:00,24.58,0,30/08/16 23:22,30/08/16 13:00
30/08/16,23:23:00,24.58,0,30/08/16 23:23,30/08/16 13:00
30/08/16,23:24:00,24.58,0,30/08/16 23:24,30/08/16 13:00
30/08/16,23:25:00,24.59,0,30/08/16 23:25,30/08/16 13:00
30/08/16,23:26:00,24.6,0,30/08/16 23:26,30/08/16 13:00
30/08/16,23:27:00,24.6,0,30/08/16 23:27,30/08/16 13:00
30/08/16,23:28:00,24.59,0,30/08/16 23:28,30/08/16 13:00
30/08/16,23:29:00,24.59,0,30/08/16 23:29,30/08/16 13:00
30/08/16,23:30:00,24.58,0,30/08/16 23:30,30/08/16 13:00
30/08/16,23:31:00,24.57,0,30/08/16 23:31,30/08/16 13:00
30/08/16,23:32:00,24.55,0,30/08/16 23:32,30/08/16 13:00
30/08/16,23:33:00,24.54,0,30/08/16 23:33,30/08/16 13:00
30/08/16,23:34:00,24.54,0,30/08/16 23:34,30/08/16 13:00
30/08/16,23:35:00,24.54,0,30/08/16 23:35,30/08/16 13:00
30/08/16,23:36:00,24.55,0,30/08/16 23:36,30/08/16 13:00
30/08/16,23:37:00,24.55,0,30/08/16 23:37,30/08/16 13:00
30/08/16,23:38:00,24.55,0,30/08/16 23:38,30/08/16 13:00
30/08/16,23:39:00,24.55,0,30/08/16 23:39,30/08/16 13:00
30/08/16,23:40:00,24.55,0,30/08/16 23:40,30/08/16 13:00
30/08/16,23:41:00,24.54,0,30/08/16 23:41,30/08/16 13:00
30/08/16,23:42:00,24.54,0,30/08/16 23:42,30/08/16 13:00
30/08/16,23:43:00,24.52,0,30/08/16 23:43,30/08/16 13:00
30/08/16,23:44:00,24.51,0,30/08/16 23:44,30/08/16 13:00
30/08/16,23:45:00,24.51,0,30/08/16 23:45,30/08/16 13:00
30/08/16,23:46:00,24.5,0,30/08/16 23:46,30/08/16 13:00
30/08/16,23:47:00,24.5,0,30/08/16 23:47,30/08/16 13:00
30/08/16,23:48:00,24.51,0,30/08/16 23:48,30/08/16 13:00
30/08/16,23:49:00,24.5,0,30/08/16 23:49,30/08/16 13:00
30/08/16,23:50:00,24.5,0,30/08/16 23:50,30/08/16 13:00
30/08/16,23:51:00,24.48,0,30/08/16 23:51,30/08/16 13:00
30/08/16,23:52:00,24.44,0,30/08/16 23:52,30/08/16 13:00
30/08/16,23:53:00,24.43,0,30/08/16 23:53,30/08/16 13:00
30/08/16,23:54:00,24.43,0,30/08/16 23:54,30/08/16 13:00
30/08/16,23:55:00,24.43,0,30/08/16 23:55,30/08/16 13:00
30/08/16,23:56:00,24.43,0,30/08/16 23:56,30/08/16 13:00
30/08/16,23:57:00,24.43,0,30/08/16 23:57,30/08/16 13:00
30/08/16,23:58:00,24.42,0,30/08/16 23:58,30/08/16 13:00
30/08/16,23:59:00,24.42,0,30/08/16 23:59,30/08/16 13:00
31/08/16,00:00:00,24.42,0,31/08/16 00:00,30/08/16 13:00
31/08/16,00:01:00,24.43,0,31/08/16 00:01,30/08/16 13:00
31/08/16,00:02:00,24.43,0,31/08/16 00:02,30/08/16 13:00
31/08/16,00:03:00,24.42,0,31/08/16 00:03,30/08/16 13:00
31/08/16,00:04:00,24.43,0,31/08/16 00:04,30/08/16 13:00
31/08/16,00:05:00,24.44,0,31/08/16 00:05,30/08/16 13:00
31/08/16,00:06:00,24.44,0,31/08/16 00:06,30/08/16 13:00
31/08/16,00:07:00,24.44,0,31/08/16 00:07,30/08/16 13:00
31/08/16,00:08:00,24.44,0,31/08/16 00:08,30/08/16 13:00
31/08/16,00:09:00,24.45,0,31/08/16 00:09,30/08/16 13:00
31/08/16,00:10:00,24.46,0,31/08/16 00:10,30/08/16 13:00
31/08/16,00:11:00,24.46,0,31/08/16 00:11,30/08/16 13:00
31/08/16,00:12:00,24.46,0,31/08/16 00:12,30/08/16 13:00
31/08/16,00:13:00,24.46,0,31/08/16 00:13,30/08/16 13:00
31/08/16,00:14:00,24.46,0,31/08/16 00:14,30/08/16 13:00
31/08/16,00:15:00,24.46,0,31/08/16 00:15,30/08/16 13:00
31/08/16,00:16:00,24.45,0,31/08/16 00:16,30/08/16 13:00
31/08/16,00:17:00,24.45,0,31/08/16 00:17,30/08/16 13:00
31/08/16,00:18:00,24.44,0,31/08/16 00:18,30/08/16 13:00
31/08/16,00:19:00,24.44,0,31/08/16 00:19,30/08/16 13:00
31/08/16,00:20:00,24.44,0,31/08/16 00:20,30/08/16 13:00
31/08/16,00:21:00,24.43,0,31/08/16 00:21,30/08/16 13:00
31/08/16,00:22:00,24.41,0,31/08/16 00:22,30/08/16 13:00
31/08/16,00:23:00,24.41,0,31/08/16 00:23,30/08/16 13:00
31/08/16,00:24:00,24.42,0,31/08/16 00:24,30/08/16 13:00
31/08/16,00:25:00,24.43,0,31/08/16 00:25,30/08/16 13:00
31/08/16,00:26:00,24.43,0,31/08/16 00:26,30/08/16 13:00
31/08/16,00:27:00,24.44,0,31/08/16 00:27,30/08/16 13:00
31/08/16,00:28:00,24.44,0,31/08/16 00:28,30/08/16 13:00
31/08/16,00:29:00,24.44,0,31/08/16 00:29,30/08/16 13:00
31/08/16,00:30:00,24.44,0,31/08/16 00:30,30/08/16 13:00
31/08/16,00:31:00,24.43,0,31/08/16 00:31,30/08/16 13:00
31/08/16,00:32:00,24.41,0,31/08/16 00:32,30/08/16 13:00
31/08/16,00:33:00,24.41,0,31/08/16 00:33,30/08/16 13:00
31/08/16,00:34:00,24.4,1,31/08/16 00:34,30/08/16 13:00
31/08/16,00:35:00,24.4,0,31/08/16 00:35,30/08/16 13:00
31/08/16,00:36:00,24.41,0,31/08/16 00:36,30/08/16 13:00
31/08/16,00:37:00,24.41,0,31/08/16 00:37,30/08/16 13:00
31/08/16,00:38:00,24.42,0,31/08/16 00:38,30/08/16 13:00
31/08/16,00:39:00,24.42,0,31/08/16 00:39,30/08/16 13:00
31/08/16,00:40:00,24.43,0,31/08/16 00:40,30/08/16 13:00
31/08/16,00:41:00,24.43,0,31/08/16 00:41,30/08/16 13:00
31/08/16,00:42:00,24.43,0,31/08/16 00:42,30/08/16 13:00
31/08/16,00:43:00,24.43,0,31/08/16 00:43,30/08/16 13:00
31/08/16,00:44:00,24.42,0,31/08/16 00:44,30/08/16 13:00
31/08/16,00:45:00,24.41,0,31/08/16 00:45,30/08/16 13:00
31/08/16,00:46:00,24.41,0,31/08/16 00:46,30/08/16 13:00
31/08/16,00:47:00,24.4,0,31/08/16 00:47,30/08/16 13:00
31/08/16,00:48:00,24.4,0,31/08/16 00:48,30/08/16 13:00
31/08/16,00:49:00,24.41,0,31/08/16 00:49,30/08/16 13:00
31/08/16,00:50:00,24.41,0,31/08/16 00:50,30/08/16 13:00
31/08/16,00:51:00,24.41,0,31/08/16 00:51,30/08/16 13:00
31/08/16,00:52:00,24.41,0,31/08/16 00:52,30/08/16 13:00
31/08/16,00:53:00,24.42,0,31/08/16 00:53,30/08/16 13:00
31/08/16,00:54:00,24.43,0,31/08/16 00:54,30/08/16 13:00
31/08/16,00:55:00,24.42,0,31/08/16 00:55,30/08/16 13:00
31/08/16,00:56:00,24.42,0,31/08/16 00:56,30/08/16 13:00
31/08/16,00:57:00,24.43,0,31/08/16 00:57,30/08/16 13:00
31/08/16,00:58:00,24.43,0,31/08/16 00:58,30/08/16 13:00
31/08/16,00:59:00,24.43,0,31/08/16 00:59,30/08/16 13:00
31/08/16,01:00:00,24.43,0,31/08/16 01:00,30/08/16 13:00
31/08/16,01:01:00,24.42,0,31/08/16 01:01,30/08/16 13:00
31/08/16,01:02:00,24.41,0,31/08/16 01:02,30/08/16 13:00
31/08/16,01:03:00,24.42,0,31/08/16 01:03,30/08/16 13:00
31/08/16,01:04:00,24.45,0,31/08/16 01:04,30/08/16 13:00
31/08/16,01:05:00,24.46,0,31/08/16 01:05,30/08/16 13:00
31/08/16,01:06:00,24.46,0,31/08/16 01:06,30/08/16 13:00
31/08/16,01:07:00,24.47,0,31/08/16 01:07,30/08/16 13:00
31/08/16,01:08:00,24.48,0,31/08/16 01:08,30/08/16 13:00
31/08/16,01:09:00,24.49,0,31/08/16 01:09,30/08/16 13:00
31/08/16,01:10:00,24.49,0,31/08/16 01:10,30/08/16 13:00
31/08/16,01:11:00,24.49,0,31/08/16 01:11,30/08/16 13:00
31/08/16,01:12:00,24.49,0,31/08/16 01:12,30/08/16 13:00
31/08/16,01:13:00,24.49,0,31/08/16 01:13,30/08/16 13:00
31/08/16,01:14:00,24.48,17,31/08/16 01:14,30/08/16 13:00
31/08/16,01:15:00,24.48,0,31/08/16 01:15,30/08/16 13:00
31/08/16,01:16:00,24.49,0,31/08/16 01:16,30/08/16 13:00
31/08/16,01:17:00,24.49,0,31/08/16 01:17,30/08/16 13:00
31/08/16,01:18:00,24.5,0,31/08/16 01:18,30/08/16 13:00
31/08/16,01:19:00,24.51,2,31/08/16 01:19,30/08/16 13:00
31/08/16,01:20:00,24.54,0,31/08/16 01:20,30/08/16 13:00
31/08/16,01:21:00,24.56,0,31/08/16 01:21,30/08/16 13:00
31/08/16,01:22:00,24.58,0,31/08/16 01:22,30/08/16 13:00
31/08/16,01:23:00,24.59,0,31/08/16 01:23,30/08/16 13:00
31/08/16,01:24:00,24.59,0,31/08/16 01:24,30/08/16 13:00
31/08/16,01:25:00,24.59,0,31/08/16 01:25,30/08/16 13:00
31/08/16,01:26:00,24.59,0,31/08/16 01:26,30/08/16 13:00
31/08/16,01:27:00,24.57,0,31/08/16 01:27,30/08/16 13:00
31/08/16,01:28:00,24.53,0,31/08/16 01:28,30/08/16 13:00
31/08/16,01:29:00,24.47,1,31/08/16 01:29,30/08/16 13:00
31/08/16,01:30:00,24.47,0,31/08/16 01:30,30/08/16 13:00
31/08/16,01:31:00,24.49,0,31/08/16 01:31,30/08/16 13:00
31/08/16,01:32:00,24.53,0,31/08/16 01:32,30/08/16 13:00
31/08/16,01:33:00,24.56,0,31/08/16 01:33,30/08/16 13:00
31/08/16,01:34:00,24.57,1,31/08/16 01:34,30/08/16 13:00
31/08/16,01:35:00,24.6,0,31/08/16 01:35,30/08/16 13:00
31/08/16,01:36:00,24.61,0,31/08/16 01:36,30/08/16 13:00
31/08/16,01:37:00,24.6,2,31/08/16 01:37,30/08/16 13:00
31/08/16,01:38:00,24.59,2,31/08/16 01:38,30/08/16 13:00
31/08/16,01:39:00,24.58,0,31/08/16 01:39,30/08/16 13:00
31/08/16,01:40:00,24.56,0,31/08/16 01:40,30/08/16 13:00
31/08/16,01:41:00,24.56,0,31/08/16 01:41,30/08/16 13:00
31/08/16,01:42:00,24.57,0,31/08/16 01:42,30/08/16 13:00
31/08/16,01:43:00,24.58,0,31/08/16 01:43,30/08/16 13:00
31/08/16,01:44:00,24.6,0,31/08/16 01:44,30/08/16 13:00
31/08/16,01:45:00,24.6,0,31/08/16 01:45,30/08/16 13:00
31/08/16,01:46:00,24.6,0,31/08/16 01:46,30/08/16 13:00
31/08/16,01:47:00,24.59,0,31/08/16 01:47,30/08/16 13:00
31/08/16,01:48:00,24.59,0,31/08/16 01:48,30/08/16 13:00
31/08/16,01:49:00,24.59,0,31/08/16 01:49,30/08/16 13:00
31/08/16,01:50:00,24.59,0,31/08/16 01:50,30/08/16 13:00
31/08/16,01:51:00,24.58,0,31/08/16 01:51,30/08/16 13:00
31/08/16,01:52:00,24.58,0,31/08/16 01:52,30/08/16 13:00
31/08/16,01:53:00,24.58,0,31/08/16 01:53,30/08/16 13:00
31/08/16,01:54:00,24.58,0,31/08/16 01:54,30/08/16 13:00
31/08/16,01:55:00,24.58,0,31/08/16 01:55,30/08/16 13:00
31/08/16,01:56:00,24.59,0,31/08/16 01:56,30/08/16 13:00
31/08/16,01:57:00,24.6,0,31/08/16 01:57,30/08/16 13:00
31/08/16,01:58:00,24.6,0,31/08/16 01:58,30/08/16 13:00
31/08/16,01:59:00,24.61,0,31/08/16 01:59,30/08/16 13:00
31/08/16,02:00:00,24.61,0,31/08/16 02:00,30/08/16 13:00
31/08/16,02:01:00,24.61,0,31/08/16 02:01,30/08/16 13:00
31/08/16,02:02:00,24.61,0,31/08/16 02:02,30/08/16 13:00
31/08/16,02:03:00,24.6,0,31/08/16 02:03,30/08/16 13:00
31/08/16,02:04:00,24.59,0,31/08/16 02:04,30/08/16 13:00
31/08/16,02:05:00,24.59,0,31/08/16 02:05,30/08/16 13:00
31/08/16,02:06:00,24.59,0,31/08/16 02:06,30/08/16 13:00
31/08/16,02:07:00,24.59,0,31/08/16 02:07,30/08/16 13:00
31/08/16,02:08:00,24.6,0,31/08/16 02:08,30/08/16 13:00
31/08/16,02:09:00,24.6,0,31/08/16 02:09,30/08/16 13:00
31/08/16,02:10:00,24.59,0,31/08/16 02:10,30/08/16 13:00
31/08/16,02:11:00,24.59,0,31/08/16 02:11,30/08/16 13:00
31/08/16,02:12:00,24.58,0,31/08/16 02:12,30/08/16 13:00
31/08/16,02:13:00,24.58,0,31/08/16 02:13,30/08/16 13:00
31/08/16,02:14:00,24.57,0,31/08/16 02:14,30/08/16 13:00
31/08/16,02:15:00,24.57,0,31/08/16 02:15,30/08/16 13:00
31/08/16,02:16:00,24.59,0,31/08/16 02:16,30/08/16 13:00
31/08/16,02:17:00,24.6,0,31/08/16 02:17,30/08/16 13:00
31/08/16,02:18:00,24.62,0,31/08/16 02:18,30/08/16 13:00
31/08/16,02:19:00,24.63,0,31/08/16 02:19,30/08/16 13:00
31/08/16,02:20:00,24.64,0,31/08/16 02:20,30/08/16 13:00
31/08/16,02:21:00,24.65,0,31/08/16 02:21,30/08/16 13:00
31/08/16,02:22:00,24.68,0,31/08/16 02:22,30/08/16 13:00
31/08/16,02:23:00,24.69,0,31/08/16 02:23,30/08/16 13:00
31/08/16,02:24:00,24.69,0,31/08/16 02:24,30/08/16 13:00
31/08/16,02:25:00,24.69,0,31/08/16 02:25,30/08/16 13:00
31/08/16,02:26:00,24.7,0,31/08/16 02:26,30/08/16 13:00
31/08/16,02:27:00,24.73,0,31/08/16 02:27,30/08/16 13:00
31/08/16,02:28:00,24.74,0,31/08/16 02:28,30/08/16 13:00
31/08/16,02:29:00,24.74,0,31/08/16 02:29,30/08/16 13:00
31/08/16,02:30:00,24.74,0,31/08/16 02:30,30/08/16 13:00
31/08/16,02:31:00,24.75,3,31/08/16 02:31,30/08/16 13:00
31/08/16,02:32:00,24.76,4,31/08/16 02:32,30/08/16 13:00
31/08/16,02:33:00,24.73,0,31/08/16 02:33,30/08/16 13:00
31/08/16,02:34:00,24.71,0,31/08/16 02:34,30/08/16 13:00
31/08/16,02:35:00,24.72,2,31/08/16 02:35,30/08/16 13:00
31/08/16,02:36:00,24.72,0,31/08/16 02:36,30/08/16 13:00
31/08/16,02:37:00,24.7,12,31/08/16 02:37,30/08/16 13:00
31/08/16,02:38:00,24.7,0,31/08/16 02:38,30/08/16 13:00
31/08/16,02:39:00,24.7,0,31/08/16 02:39,30/08/16 13:00
31/08/16,02:40:00,24.72,1,31/08/16 02:40,30/08/16 13:00
31/08/16,02:41:00,24.74,0,31/08/16 02:41,30/08/16 13:00
31/08/16,02:42:00,24.74,10,31/08/16 02:42,30/08/16 13:00
31/08/16,02:43:00,24.73,2,31/08/16 02:43,30/08/16 13:00
31/08/16,02:44:00,24.74,26,31/08/16 02:44,30/08/16 13:00
31/08/16,02:45:00,24.74,5,31/08/16 02:45,30/08/16 13:00
31/08/16,02:46:00,24.75,12,31/08/16 02:46,30/08/16 13:00
31/08/16,02:47:00,24.74,1,31/08/16 02:47,30/08/16 13:00
31/08/16,02:48:00,24.74,15,31/08/16 02:48,30/08/16 13:00
31/08/16,02:49:00,24.74,4,31/08/16 02:49,30/08/16 13:00
31/08/16,02:50:00,24.74,0,31/08/16 02:50,30/08/16 13:00
31/08/16,02:51:00,24.73,0,31/08/16 02:51,30/08/16 13:00
31/08/16,02:52:00,24.73,4,31/08/16 02:52,30/08/16 13:00
31/08/16,02:53:00,24.72,10,31/08/16 02:53,30/08/16 13:00
31/08/16,02:54:00,24.72,0,31/08/16 02:54,30/08/16 13:00
31/08/16,02:55:00,24.72,0,31/08/16 02:55,30/08/16 13:00
31/08/16,02:56:00,24.73,0,31/08/16 02:56,30/08/16 13:00
31/08/16,02:57:00,24.74,0,31/08/16 02:57,30/08/16 13:00
31/08/16,02:58:00,24.73,0,31/08/16 02:58,30/08/16 13:00
31/08/16,02:59:00,24.73,0,31/08/16 02:59,30/08/16 13:00
31/08/16,03:00:00,24.73,0,31/08/16 03:00,30/08/16 13:00
31/08/16,03:01:00,24.74,0,31/08/16 03:01,30/08/16 13:00
31/08/16,03:02:00,24.74,0,31/08/16 03:02,30/08/16 13:00
31/08/16,03:03:00,24.74,0,31/08/16 03:03,30/08/16 13:00
31/08/16,03:04:00,24.74,0,31/08/16 03:04,30/08/16 13:00
31/08/16,03:05:00,24.74,0,31/08/16 03:05,30/08/16 13:00
31/08/16,03:06:00,24.73,0,31/08/16 03:06,30/08/16 13:00
31/08/16,03:07:00,24.72,0,31/08/16 03:07,30/08/16 13:00
31/08/16,03:08:00,24.72,0,31/08/16 03:08,30/08/16 13:00
31/08/16,03:09:00,24.73,0,31/08/16 03:09,30/08/16 13:00
31/08/16,03:10:00,24.73,0,31/08/16 03:10,30/08/16 13:00
31/08/16,03:11:00,24.73,0,31/08/16 03:11,30/08/16 13:00
31/08/16,03:12:00,24.73,0,31/08/16 03:12,30/08/16 13:00
31/08/16,03:13:00,24.72,0,31/08/16 03:13,30/08/16 13:00
31/08/16,03:14:00,24.71,0,31/08/16 03:14,30/08/16 13:00
31/08/16,03:15:00,24.7,0,31/08/16 03:15,30/08/16 13:00
31/08/16,03:16:00,24.7,0,31/08/16 03:16,30/08/16 13:00
31/08/16,03:17:00,24.69,0,31/08/16 03:17,30/08/16 13:00
31/08/16,03:18:00,24.69,0,31/08/16 03:18,30/08/16 13:00
31/08/16,03:19:00,24.69,0,31/08/16 03:19,30/08/16 13:00
31/08/16,03:20:00,24.67,0,31/08/16 03:20,30/08/16 13:00
31/08/16,03:21:00,24.67,0,31/08/16 03:21,30/08/16 13:00
31/08/16,03:22:00,24.68,0,31/08/16 03:22,30/08/16 13:00
31/08/16,03:23:00,24.69,0,31/08/16 03:23,30/08/16 13:00
31/08/16,03:24:00,24.69,0,31/08/16 03:24,30/08/16 13:00
31/08/16,03:25:00,24.68,0,31/08/16 03:25,30/08/16 13:00
31/08/16,03:26:00,24.67,0,31/08/16 03:26,30/08/16 13:00
31/08/16,03:27:00,24.67,0,31/08/16 03:27,30/08/16 13:00
31/08/16,03:28:00,24.66,0,31/08/16 03:28,30/08/16 13:00
31/08/16,03:29:00,24.66,0,31/08/16 03:29,30/08/16 13:00
31/08/16,03:30:00,24.65,0,31/08/16 03:30,30/08/16 13:00
31/08/16,03:31:00,24.65,0,31/08/16 03:31,30/08/16 13:00
31/08/16,03:32:00,24.65,0,31/08/16 03:32,30/08/16 13:00
31/08/16,03:33:00,24.64,0,31/08/16 03:33,30/08/16 13:00
31/08/16,03:34:00,24.64,0,31/08/16 03:34,30/08/16 13:00
31/08/16,03:35:00,24.64,0,31/08/16 03:35,30/08/16 13:00
31/08/16,03:36:00,24.64,0,31/08/16 03:36,30/08/16 13:00
31/08/16,03:37:00,24.63,0,31/08/16 03:37,30/08/16 13:00
31/08/16,03:38:00,24.63,0,31/08/16 03:38,30/08/16 13:00
31/08/16,03:39:00,24.61,0,31/08/16 03:39,30/08/16 13:00
31/08/16,03:40:00,24.62,0,31/08/16 03:40,30/08/16 13:00
31/08/16,03:41:00,24.61,0,31/08/16 03:41,30/08/16 13:00
31/08/16,03:42:00,24.61,0,31/08/16 03:42,30/08/16 13:00
31/08/16,03:43:00,24.6,0,31/08/16 03:43,30/08/16 13:00
31/08/16,03:44:00,24.59,0,31/08/16 03:44,30/08/16 13:00
31/08/16,03:45:00,24.58,0,31/08/16 03:45,30/08/16 13:00
31/08/16,03:46:00,24.58,0,31/08/16 03:46,30/08/16 13:00
31/08/16,03:47:00,24.58,0,31/08/16 03:47,30/08/16 13:00
31/08/16,03:48:00,24.58,0,31/08/16 03:48,30/08/16 13:00
31/08/16,03:49:00,24.57,0,31/08/16 03:49,30/08/16 13:00
31/08/16,03:50:00,24.56,0,31/08/16 03:50,30/08/16 13:00
31/08/16,03:51:00,24.56,0,31/08/16 03:51,30/08/16 13:00
31/08/16,03:52:00,24.56,0,31/08/16 03:52,30/08/16 13:00
31/08/16,03:53:00,24.54,0,31/08/16 03:53,30/08/16 13:00
31/08/16,03:54:00,24.54,0,31/08/16 03:54,30/08/16 13:00
31/08/16,03:55:00,24.54,0,31/08/16 03:55,30/08/16 13:00
31/08/16,03:56:00,24.54,0,31/08/16 03:56,30/08/16 13:00
31/08/16,03:57:00,24.53,0,31/08/16 03:57,30/08/16 13:00
31/08/16,03:58:00,24.53,0,31/08/16 03:58,30/08/16 13:00
31/08/16,03:59:00,24.53,0,31/08/16 03:59,30/08/16 13:00
31/08/16,04:00:00,24.53,0,31/08/16 04:00,30/08/16 13:00
31/08/16,04:01:00,24.54,0,31/08/16 04:01,30/08/16 13:00
31/08/16,04:02:00,24.53,0,31/08/16 04:02,30/08/16 13:00
31/08/16,04:03:00,24.52,0,31/08/16 04:03,30/08/16 13:00
31/08/16,04:04:00,24.52,0,31/08/16 04:04,30/08/16 13:00
31/08/16,04:05:00,24.5,0,31/08/16 04:05,30/08/16 13:00
31/08/16,04:06:00,24.49,0,31/08/16 04:06,30/08/16 13:00
31/08/16,04:07:00,24.49,0,31/08/16 04:07,30/08/16 13:00
31/08/16,04:08:00,24.49,0,31/08/16 04:08,30/08/16 13:00
31/08/16,04:09:00,24.49,0,31/08/16 04:09,30/08/16 13:00
31/08/16,04:10:00,24.48,0,31/08/16 04:10,30/08/16 13:00
31/08/16,04:11:00,24.48,0,31/08/16 04:11,30/08/16 13:00
31/08/16,04:12:00,24.48,0,31/08/16 04:12,30/08/16 13:00
31/08/16,04:13:00,24.48,0,31/08/16 04:13,30/08/16 13:00
31/08/16,04:14:00,24.48,0,31/08/16 04:14,30/08/16 13:00
31/08/16,04:15:00,24.49,0,31/08/16 04:15,30/08/16 13:00
31/08/16,04:16:00,24.48,0,31/08/16 04:16,30/08/16 13:00
31/08/16,04:17:00,24.47,0,31/08/16 04:17,30/08/16 13:00
31/08/16,04:18:00,24.48,0,31/08/16 04:18,30/08/16 13:00
31/08/16,04:19:00,24.51,0,31/08/16 04:19,30/08/16 13:00
31/08/16,04:20:00,24.52,0,31/08/16 04:20,30/08/16 13:00
31/08/16,04:21:00,24.52,0,31/08/16 04:21,30/08/16 13:00
31/08/16,04:22:00,24.53,0,31/08/16 04:22,30/08/16 13:00
31/08/16,04:23:00,24.54,0,31/08/16 04:23,30/08/16 13:00
31/08/16,04:24:00,24.55,0,31/08/16 04:24,30/08/16 13:00
31/08/16,04:25:00,24.55,0,31/08/16 04:25,30/08/16 13:00
31/08/16,04:26:00,24.52,0,31/08/16 04:26,30/08/16 13:00
31/08/16,04:27:00,24.53,0,31/08/16 04:27,30/08/16 13:00
31/08/16,04:28:00,24.53,0,31/08/16 04:28,30/08/16 13:00
31/08/16,04:29:00,24.54,0,31/08/16 04:29,30/08/16 13:00
31/08/16,04:30:00,24.56,0,31/08/16 04:30,30/08/16 13:00
31/08/16,04:31:00,24.56,0,31/08/16 04:31,30/08/16 13:00
31/08/16,04:32:00,24.55,0,31/08/16 04:32,30/08/16 13:00
31/08/16,04:33:00,24.55,0,31/08/16 04:33,30/08/16 13:00
31/08/16,04:34:00,24.55,0,31/08/16 04:34,30/08/16 13:00
31/08/16,04:35:00,24.54,0,31/08/16 04:35,30/08/16 13:00
31/08/16,04:36:00,24.53,0,31/08/16 04:36,30/08/16 13:00
31/08/16,04:37:00,24.52,0,31/08/16 04:37,30/08/16 13:00
31/08/16,04:38:00,24.54,0,31/08/16 04:38,30/08/16 13:00
31/08/16,04:39:00,24.56,0,31/08/16 04:39,30/08/16 13:00
31/08/16,04:40:00,24.56,0,31/08/16 04:40,30/08/16 13:00
31/08/16,04:41:00,24.57,0,31/08/16 04:41,30/08/16 13:00
31/08/16,04:42:00,24.59,0,31/08/16 04:42,30/08/16 13:00
31/08/16,04:43:00,24.59,0,31/08/16 04:43,30/08/16 13:00
31/08/16,04:44:00,24.59,0,31/08/16 04:44,30/08/16 13:00
31/08/16,04:45:00,24.6,0,31/08/16 04:45,30/08/16 13:00
31/08/16,04:46:00,24.61,0,31/08/16 04:46,30/08/16 13:00
31/08/16,04:47:00,24.62,0,31/08/16 04:47,30/08/16 13:00
31/08/16,04:48:00,24.61,0,31/08/16 04:48,30/08/16 13:00
31/08/16,04:49:00,24.61,0,31/08/16 04:49,30/08/16 13:00
31/08/16,04:50:00,24.61,0,31/08/16 04:50,30/08/16 13:00
31/08/16,04:51:00,24.62,0,31/08/16 04:51,30/08/16 13:00
31/08/16,04:52:00,24.61,0,31/08/16 04:52,30/08/16 13:00
31/08/16,04:53:00,24.6,0,31/08/16 04:53,30/08/16 13:00
31/08/16,04:54:00,24.6,0,31/08/16 04:54,30/08/16 13:00
31/08/16,04:55:00,24.6,0,31/08/16 04:55,30/08/16 13:00
31/08/16,04:56:00,24.61,0,31/08/16 04:56,30/08/16 13:00
31/08/16,04:57:00,24.61,0,31/08/16 04:57,30/08/16 13:00
31/08/16,04:58:00,24.61,0,31/08/16 04:58,30/08/16 13:00
31/08/16,04:59:00,24.61,0,31/08/16 04:59,30/08/16 13:00
31/08/16,05:00:00,24.61,0,31/08/16 05:00,30/08/16 13:00
31/08/16,05:01:00,24.61,0,31/08/16 05:01,30/08/16 13:00
31/08/16,05:02:00,24.61,0,31/08/16 05:02,30/08/16 13:00
31/08/16,05:03:00,24.6,0,31/08/16 05:03,30/08/16 13:00
31/08/16,05:04:00,24.6,0,31/08/16 05:04,30/08/16 13:00
31/08/16,05:05:00,24.59,0,31/08/16 05:05,30/08/16 13:00
31/08/16,05:06:00,24.57,0,31/08/16 05:06,30/08/16 13:00
31/08/16,05:07:00,24.57,0,31/08/16 05:07,30/08/16 13:00
31/08/16,05:08:00,24.55,0,31/08/16 05:08,30/08/16 13:00
31/08/16,05:09:00,24.54,0,31/08/16 05:09,30/08/16 13:00
31/08/16,05:10:00,24.54,0,31/08/16 05:10,30/08/16 13:00
31/08/16,05:11:00,24.52,0,31/08/16 05:11,30/08/16 13:00
31/08/16,05:12:00,24.51,0,31/08/16 05:12,30/08/16 13:00
31/08/16,05:13:00,24.5,0,31/08/16 05:13,30/08/16 13:00
31/08/16,05:14:00,24.5,0,31/08/16 05:14,30/08/16 13:00
31/08/16,05:15:00,24.49,0,31/08/16 05:15,30/08/16 13:00
31/08/16,05:16:00,24.48,0,31/08/16 05:16,30/08/16 13:00
31/08/16,05:17:00,24.48,0,31/08/16 05:17,30/08/16 13:00
31/08/16,05:18:00,24.48,0,31/08/16 05:18,30/08/16 13:00
31/08/16,05:19:00,24.48,0,31/08/16 05:19,30/08/16 13:00
31/08/16,05:20:00,24.47,0,31/08/16 05:20,30/08/16 13:00
31/08/16,05:21:00,24.46,0,31/08/16 05:21,30/08/16 13:00
31/08/16,05:22:00,24.45,0,31/08/16 05:22,30/08/16 13:00
31/08/16,05:23:00,24.44,0,31/08/16 05:23,30/08/16 13:00
31/08/16,05:24:00,24.44,0,31/08/16 05:24,30/08/16 13:00
31/08/16,05:25:00,24.45,0,31/08/16 05:25,30/08/16 13:00
31/08/16,05:26:00,24.45,0,31/08/16 05:26,30/08/16 13:00
31/08/16,05:27:00,24.44,0,31/08/16 05:27,30/08/16 13:00
31/08/16,05:28:00,24.44,0,31/08/16 05:28,30/08/16 13:00
31/08/16,05:29:00,24.43,0,31/08/16 05:29,30/08/16 13:00
31/08/16,05:30:00,24.43,0,31/08/16 05:30,30/08/16 13:00
31/08/16,05:31:00,24.42,0,31/08/16 05:31,30/08/16 13:00
31/08/16,05:32:00,24.42,0,31/08/16 05:32,30/08/16 13:00
31/08/16,05:33:00,24.41,0,31/08/16 05:33,30/08/16 13:00
31/08/16,05:34:00,24.41,0,31/08/16 05:34,30/08/16 13:00
31/08/16,05:35:00,24.41,0,31/08/16 05:35,30/08/16 13:00
31/08/16,05:36:00,24.41,0,31/08/16 05:36,30/08/16 13:00
31/08/16,05:37:00,24.41,0,31/08/16 05:37,30/08/16 13:00
31/08/16,05:38:00,24.41,0,31/08/16 05:38,30/08/16 13:00
31/08/16,05:39:00,24.4,0,31/08/16 05:39,30/08/16 13:00
31/08/16,05:40:00,24.39,0,31/08/16 05:40,30/08/16 13:00
31/08/16,05:41:00,24.37,0,31/08/16 05:41,30/08/16 13:00
31/08/16,05:42:00,24.37,0,31/08/16 05:42,30/08/16 13:00
31/08/16,05:43:00,24.36,0,31/08/16 05:43,30/08/16 13:00
31/08/16,05:44:00,24.36,0,31/08/16 05:44,30/08/16 13:00
31/08/16,05:45:00,24.36,0,31/08/16 05:45,30/08/16 13:00
31/08/16,05:46:00,24.36,0,31/08/16 05:46,30/08/16 13:00
31/08/16,05:47:00,24.36,0,31/08/16 05:47,30/08/16 13:00
31/08/16,05:48:00,24.36,0,31/08/16 05:48,30/08/16 13:00
31/08/16,05:49:00,24.36,0,31/08/16 05:49,30/08/16 13:00
31/08/16,05:50:00,24.36,0,31/08/16 05:50,30/08/16 13:00
31/08/16,05:51:00,24.34,0,31/08/16 05:51,30/08/16 13:00
31/08/16,05:52:00,24.32,0,31/08/16 05:52,30/08/16 13:00
31/08/16,05:53:00,24.31,0,31/08/16 05:53,30/08/16 13:00
31/08/16,05:54:00,24.31,0,31/08/16 05:54,30/08/16 13:00
31/08/16,05:55:00,24.31,0,31/08/16 05:55,30/08/16 13:00
31/08/16,05:56:00,24.3,0,31/08/16 05:56,30/08/16 13:00
31/08/16,05:57:00,24.3,0,31/08/16 05:57,30/08/16 13:00
31/08/16,05:58:00,24.29,0,31/08/16 05:58,30/08/16 13:00
31/08/16,05:59:00,24.28,0,31/08/16 05:59,30/08/16 13:00
31/08/16,06:00:00,24.27,0,31/08/16 06:00,30/08/16 13:00
31/08/16,06:01:00,24.27,0,31/08/16 06:01,30/08/16 13:00
31/08/16,06:02:00,24.27,0,31/08/16 06:02,30/08/16 13:00
31/08/16,06:03:00,24.26,0,31/08/16 06:03,30/08/16 13:00
31/08/16,06:04:00,24.26,0,31/08/16 06:04,30/08/16 13:00
31/08/16,06:05:00,24.25,0,31/08/16 06:05,30/08/16 13:00
31/08/16,06:06:00,24.25,0,31/08/16 06:06,30/08/16 13:00
31/08/16,06:07:00,24.25,0,31/08/16 06:07,30/08/16 13:00
31/08/16,06:08:00,24.24,0,31/08/16 06:08,30/08/16 13:00
31/08/16,06:09:00,24.24,0,31/08/16 06:09,30/08/16 13:00
31/08/16,06:10:00,24.24,0,31/08/16 06:10,30/08/16 13:00
31/08/16,06:11:00,24.24,0,31/08/16 06:11,30/08/16 13:00
31/08/16,06:12:00,24.24,0,31/08/16 06:12,30/08/16 13:00
31/08/16,06:13:00,24.24,0,31/08/16 06:13,30/08/16 13:00
31/08/16,06:14:00,24.24,0,31/08/16 06:14,30/08/16 13:00
31/08/16,06:15:00,24.24,0,31/08/16 06:15,30/08/16 13:00
31/08/16,06:16:00,24.25,0,31/08/16 06:16,30/08/16 13:00
31/08/16,06:17:00,24.26,0,31/08/16 06:17,30/08/16 13:00
31/08/16,06:18:00,24.26,0,31/08/16 06:18,30/08/16 13:00
31/08/16,06:19:00,24.25,0,31/08/16 06:19,30/08/16 13:00
31/08/16,06:20:00,24.24,0,31/08/16 06:20,30/08/16 13:00
31/08/16,06:21:00,24.24,0,31/08/16 06:21,30/08/16 13:00
31/08/16,06:22:00,24.24,0,31/08/16 06:22,30/08/16 13:00
31/08/16,06:23:00,24.24,0,31/08/16 06:23,30/08/16 13:00
31/08/16,06:24:00,24.24,0,31/08/16 06:24,30/08/16 13:00
31/08/16,06:25:00,24.24,0,31/08/16 06:25,30/08/16 13:00
31/08/16,06:26:00,24.24,0,31/08/16 06:26,30/08/16 13:00
31/08/16,06:27:00,24.23,0,31/08/16 06:27,30/08/16 13:00
31/08/16,06:28:00,24.22,0,31/08/16 06:28,30/08/16 13:00
31/08/16,06:29:00,24.21,0,31/08/16 06:29,30/08/16 13:00
31/08/16,06:30:00,24.21,0,31/08/16 06:30,30/08/16 13:00
31/08/16,06:31:00,24.21,0,31/08/16 06:31,30/08/16 13:00
31/08/16,06:32:00,24.21,0,31/08/16 06:32,30/08/16 13:00
31/08/16,06:33:00,24.2,0,31/08/16 06:33,30/08/16 13:00
31/08/16,06:34:00,24.2,0,31/08/16 06:34,30/08/16 13:00
31/08/16,06:35:00,24.2,0,31/08/16 06:35,30/08/16 13:00
31/08/16,06:36:00,24.19,0,31/08/16 06:36,30/08/16 13:00
31/08/16,06:37:00,24.19,0,31/08/16 06:37,30/08/16 13:00
31/08/16,06:38:00,24.19,0,31/08/16 06:38,30/08/16 13:00
31/08/16,06:39:00,24.19,0,31/08/16 06:39,30/08/16 13:00
31/08/16,06:40:00,24.19,0,31/08/16 06:40,30/08/16 13:00
31/08/16,06:41:00,24.19,0,31/08/16 06:41,30/08/16 13:00
31/08/16,06:42:00,24.19,0,31/08/16 06:42,30/08/16 13:00
31/08/16,06:43:00,24.19,0,31/08/16 06:43,30/08/16 13:00
31/08/16,06:44:00,24.19,0,31/08/16 06:44,30/08/16 13:00
31/08/16,06:45:00,24.18,0,31/08/16 06:45,30/08/16 13:00
31/08/16,06:46:00,24.18,0,31/08/16 06:46,30/08/16 13:00
31/08/16,06:47:00,24.17,0,31/08/16 06:47,30/08/16 13:00
31/08/16,06:48:00,24.16,0,31/08/16 06:48,30/08/16 13:00
31/08/16,06:49:00,24.16,0,31/08/16 06:49,30/08/16 13:00
31/08/16,06:50:00,24.16,0,31/08/16 06:50,30/08/16 13:00
31/08/16,06:51:00,24.16,0,31/08/16 06:51,30/08/16 13:00
31/08/16,06:52:00,24.16,0,31/08/16 06:52,30/08/16 13:00
31/08/16,06:53:00,24.17,0,31/08/16 06:53,30/08/16 13:00
31/08/16,06:54:00,24.18,0,31/08/16 06:54,30/08/16 13:00
31/08/16,06:55:00,24.19,0,31/08/16 06:55,30/08/16 13:00
31/08/16,06:56:00,24.19,0,31/08/16 06:56,30/08/16 13:00
31/08/16,06:57:00,24.2,0,31/08/16 06:57,30/08/16 13:00
31/08/16,06:58:00,24.2,0,31/08/16 06:58,30/08/16 13:00
31/08/16,06:59:00,24.19,0,31/08/16 06:59,30/08/16 13:00
31/08/16,07:00:00,24.19,0,31/08/16 07:00,30/08/16 13:00
31/08/16,07:01:00,24.19,0,31/08/16 07:01,30/08/16 13:00
31/08/16,07:02:00,24.2,0,31/08/16 07:02,30/08/16 13:00
31/08/16,07:03:00,24.21,0,31/08/16 07:03,30/08/16 13:00
31/08/16,07:04:00,24.21,0,31/08/16 07:04,30/08/16 13:00
31/08/16,07:05:00,24.22,0,31/08/16 07:05,30/08/16 13:00
31/08/16,07:06:00,24.25,0,31/08/16 07:06,30/08/16 13:00
31/08/16,07:07:00,24.26,0,31/08/16 07:07,30/08/16 13:00
31/08/16,07:08:00,24.27,0,31/08/16 07:08,30/08/16 13:00
31/08/16,07:09:00,24.27,0,31/08/16 07:09,30/08/16 13:00
31/08/16,07:10:00,24.27,0,31/08/16 07:10,30/08/16 13:00
31/08/16,07:11:00,24.27,0,31/08/16 07:11,30/08/16 13:00
31/08/16,07:12:00,24.26,0,31/08/16 07:12,30/08/16 13:00
31/08/16,07:13:00,24.25,0,31/08/16 07:13,30/08/16 13:00
31/08/16,07:14:00,24.26,0,31/08/16 07:14,30/08/16 13:00
31/08/16,07:15:00,24.26,0,31/08/16 07:15,30/08/16 13:00
31/08/16,07:16:00,24.25,0,31/08/16 07:16,30/08/16 13:00
31/08/16,07:17:00,24.26,0,31/08/16 07:17,30/08/16 13:00
31/08/16,07:18:00,24.26,0,31/08/16 07:18,30/08/16 13:00
31/08/16,07:19:00,24.26,0,31/08/16 07:19,30/08/16 13:00
31/08/16,07:20:00,24.26,0,31/08/16 07:20,30/08/16 13:00
31/08/16,07:21:00,24.26,0,31/08/16 07:21,30/08/16 13:00
31/08/16,07:22:00,24.26,0,31/08/16 07:22,30/08/16 13:00
31/08/16,07:23:00,24.24,0,31/08/16 07:23,30/08/16 13:00
31/08/16,07:24:00,24.24,0,31/08/16 07:24,30/08/16 13:00
31/08/16,07:25:00,24.25,0,31/08/16 07:25,30/08/16 13:00
31/08/16,07:26:00,24.25,0,31/08/16 07:26,30/08/16 13:00
31/08/16,07:27:00,24.26,0,31/08/16 07:27,30/08/16 13:00
31/08/16,07:28:00,24.27,0,31/08/16 07:28,30/08/16 13:00
31/08/16,07:29:00,24.27,0,31/08/16 07:29,30/08/16 13:00
31/08/16,07:30:00,24.27,0,31/08/16 07:30,30/08/16 13:00
31/08/16,07:31:00,24.28,0,31/08/16 07:31,30/08/16 13:00
31/08/16,07:32:00,24.28,0,31/08/16 07:32,30/08/16 13:00
31/08/16,07:33:00,24.29,0,31/08/16 07:33,30/08/16 13:00
31/08/16,07:34:00,24.29,0,31/08/16 07:34,30/08/16 13:00
31/08/16,07:35:00,24.28,0,31/08/16 07:35,30/08/16 13:00
31/08/16,07:36:00,24.28,0,31/08/16 07:36,30/08/16 13:00
31/08/16,07:37:00,24.28,0,31/08/16 07:37,30/08/16 13:00
31/08/16,07:38:00,24.28,0,31/08/16 07:38,30/08/16 13:00
31/08/16,07:39:00,24.28,0,31/08/16 07:39,30/08/16 13:00
31/08/16,07:40:00,24.27,0,31/08/16 07:40,30/08/16 13:00
31/08/16,07:41:00,24.26,0,31/08/16 07:41,30/08/16 13:00
31/08/16,07:42:00,24.25,0,31/08/16 07:42,30/08/16 13:00
31/08/16,07:43:00,24.25,0,31/08/16 07:43,30/08/16 13:00
31/08/16,07:44:00,24.25,0,31/08/16 07:44,30/08/16 13:00
31/08/16,07:45:00,24.25,0,31/08/16 07:45,30/08/16 13:00
31/08/16,07:46:00,24.23,0,31/08/16 07:46,30/08/16 13:00
31/08/16,07:47:00,24.22,0,31/08/16 07:47,30/08/16 13:00
31/08/16,07:48:00,24.22,0,31/08/16 07:48,30/08/16 13:00
31/08/16,07:49:00,24.22,0,31/08/16 07:49,30/08/16 13:00
31/08/16,07:50:00,24.2,0,31/08/16 07:50,30/08/16 13:00
31/08/16,07:51:00,24.2,0,31/08/16 07:51,30/08/16 13:00
31/08/16,07:52:00,24.2,0,31/08/16 07:52,30/08/16 13:00
31/08/16,07:53:00,24.19,0,31/08/16 07:53,30/08/16 13:00
31/08/16,07:54:00,24.18,0,31/08/16 07:54,30/08/16 13:00
31/08/16,07:55:00,24.17,0,31/08/16 07:55,30/08/16 13:00
31/08/16,07:56:00,24.16,0,31/08/16 07:56,30/08/16 13:00
31/08/16,07:57:00,24.16,0,31/08/16 07:57,30/08/16 13:00
31/08/16,07:58:00,24.16,0,31/08/16 07:58,30/08/16 13:00
31/08/16,07:59:00,24.16,0,31/08/16 07:59,30/08/16 13:00
31/08/16,08:00:00,24.15,0,31/08/16 08:00,30/08/16 13:00
31/08/16,08:01:00,24.15,0,31/08/16 08:01,30/08/16 13:00
31/08/16,08:02:00,24.15,0,31/08/16 08:02,30/08/16 13:00
31/08/16,08:03:00,24.14,0,31/08/16 08:03,30/08/16 13:00
31/08/16,08:04:00,24.13,0,31/08/16 08:04,30/08/16 13:00
31/08/16,08:05:00,24.11,0,31/08/16 08:05,30/08/16 13:00
31/08/16,08:06:00,24.11,0,31/08/16 08:06,30/08/16 13:00
31/08/16,08:07:00,24.12,0,31/08/16 08:07,30/08/16 13:00
31/08/16,08:08:00,24.13,0,31/08/16 08:08,30/08/16 13:00
31/08/16,08:09:00,24.14,0,31/08/16 08:09,30/08/16 13:00
31/08/16,08:10:00,24.15,0,31/08/16 08:10,30/08/16 13:00
31/08/16,08:11:00,24.15,0,31/08/16 08:11,30/08/16 13:00
31/08/16,08:12:00,24.15,0,31/08/16 08:12,30/08/16 13:00
31/08/16,08:13:00,24.16,0,31/08/16 08:13,30/08/16 13:00
31/08/16,08:14:00,24.16,0,31/08/16 08:14,30/08/16 13:00
31/08/16,08:15:00,24.16,0,31/08/16 08:15,30/08/16 13:00
31/08/16,08:16:00,24.16,0,31/08/16 08:16,30/08/16 13:00
31/08/16,08:17:00,24.17,0,31/08/16 08:17,30/08/16 13:00
31/08/16,08:18:00,24.16,0,31/08/16 08:18,30/08/16 13:00
31/08/16,08:19:00,24.15,0,31/08/16 08:19,30/08/16 13:00
31/08/16,08:20:00,24.15,0,31/08/16 08:20,30/08/16 13:00
31/08/16,08:21:00,24.15,0,31/08/16 08:21,30/08/16 13:00
31/08/16,08:22:00,24.15,0,31/08/16 08:22,30/08/16 13:00
31/08/16,08:23:00,24.15,0,31/08/16 08:23,30/08/16 13:00
31/08/16,08:24:00,24.16,0,31/08/16 08:24,30/08/16 13:00
31/08/16,08:25:00,24.17,0,31/08/16 08:25,30/08/16 13:00
31/08/16,08:26:00,24.18,0,31/08/16 08:26,30/08/16 13:00
31/08/16,08:27:00,24.19,0,31/08/16 08:27,30/08/16 13:00
31/08/16,08:28:00,24.2,0,31/08/16 08:28,30/08/16 13:00
31/08/16,08:29:00,24.22,0,31/08/16 08:29,30/08/16 13:00
31/08/16,08:30:00,24.23,0,31/08/16 08:30,30/08/16 13:00
31/08/16,08:31:00,24.23,0,31/08/16 08:31,30/08/16 13:00
31/08/16,08:32:00,24.23,0,31/08/16 08:32,30/08/16 13:00
31/08/16,08:33:00,24.24,0,31/08/16 08:33,30/08/16 13:00
31/08/16,08:34:00,24.24,0,31/08/16 08:34,30/08/16 13:00
31/08/16,08:35:00,24.24,0,31/08/16 08:35,30/08/16 13:00
31/08/16,08:36:00,24.23,0,31/08/16 08:36,30/08/16 13:00
31/08/16,08:37:00,24.22,0,31/08/16 08:37,30/08/16 13:00
31/08/16,08:38:00,24.21,0,31/08/16 08:38,30/08/16 13:00
31/08/16,08:39:00,24.21,0,31/08/16 08:39,30/08/16 13:00
31/08/16,08:40:00,24.2,0,31/08/16 08:40,30/08/16 13:00
31/08/16,08:41:00,24.2,0,31/08/16 08:41,30/08/16 13:00
31/08/16,08:42:00,24.2,0,31/08/16 08:42,30/08/16 13:00
31/08/16,08:43:00,24.19,0,31/08/16 08:43,30/08/16 13:00
31/08/16,08:44:00,24.19,0,31/08/16 08:44,30/08/16 13:00
31/08/16,08:45:00,24.18,0,31/08/16 08:45,30/08/16 13:00
31/08/16,08:46:00,24.16,0,31/08/16 08:46,30/08/16 13:00
31/08/16,08:47:00,24.13,0,31/08/16 08:47,30/08/16 13:00
31/08/16,08:48:00,24.13,0,31/08/16 08:48,30/08/16 13:00
31/08/16,08:49:00,24.14,0,31/08/16 08:49,30/08/16 13:00
31/08/16,08:50:00,24.15,0,31/08/16 08:50,30/08/16 13:00
31/08/16,08:51:00,24.17,0,31/08/16 08:51,30/08/16 13:00
31/08/16,08:52:00,24.19,0,31/08/16 08:52,30/08/16 13:00
31/08/16,08:53:00,24.2,0,31/08/16 08:53,30/08/16 13:00
31/08/16,08:54:00,24.22,0,31/08/16 08:54,30/08/16 13:00
31/08/16,08:55:00,24.22,0,31/08/16 08:55,30/08/16 13:00
31/08/16,08:56:00,24.23,0,31/08/16 08:56,30/08/16 13:00
31/08/16,08:57:00,24.24,0,31/08/16 08:57,30/08/16 13:00
31/08/16,08:58:00,24.24,0,31/08/16 08:58,30/08/16 13:00
31/08/16,08:59:00,24.23,0,31/08/16 08:59,30/08/16 13:00
31/08/16,09:00:00,24.23,0,31/08/16 09:00,30/08/16 13:00
31/08/16,09:01:00,24.23,0,31/08/16 09:01,30/08/16 13:00
31/08/16,09:02:00,24.23,0,31/08/16 09:02,30/08/16 13:00
31/08/16,09:03:00,24.22,0,31/08/16 09:03,30/08/16 13:00
31/08/16,09:04:00,24.23,0,31/08/16 09:04,30/08/16 13:00
31/08/16,09:05:00,24.24,0,31/08/16 09:05,30/08/16 13:00
31/08/16,09:06:00,24.25,0,31/08/16 09:06,30/08/16 13:00
31/08/16,09:07:00,24.26,0,31/08/16 09:07,30/08/16 13:00
31/08/16,09:08:00,24.27,0,31/08/16 09:08,30/08/16 13:00
31/08/16,09:09:00,24.29,0,31/08/16 09:09,30/08/16 13:00
31/08/16,09:10:00,24.29,0,31/08/16 09:10,30/08/16 13:00
31/08/16,09:11:00,24.29,0,31/08/16 09:11,30/08/16 13:00
31/08/16,09:12:00,24.29,0,31/08/16 09:12,30/08/16 13:00
31/08/16,09:13:00,24.28,0,31/08/16 09:13,30/08/16 13:00
31/08/16,09:14:00,24.28,0,31/08/16 09:14,30/08/16 13:00
31/08/16,09:15:00,24.28,0,31/08/16 09:15,30/08/16 13:00
31/08/16,09:16:00,24.28,0,31/08/16 09:16,30/08/16 13:00
31/08/16,09:17:00,24.28,0,31/08/16 09:17,30/08/16 13:00
31/08/16,09:18:00,24.29,0,31/08/16 09:18,30/08/16 13:00
31/08/16,09:19:00,24.27,0,31/08/16 09:19,30/08/16 13:00
31/08/16,09:20:00,24.25,3,31/08/16 09:20,30/08/16 13:00
31/08/16,09:21:00,24.27,0,31/08/16 09:21,30/08/16 13:00
31/08/16,09:22:00,NaN,0,31/08/16 09:22,30/08/16 13:00
31/08/16,09:23:00,NaN,0,31/08/16 09:23,30/08/16 13:00
31/08/16,09:24:00,NaN,0,31/08/16 09:24,30/08/16 13:00
31/08/16,09:25:00,NaN,0,31/08/16 09:25,30/08/16 13:00
31/08/16,09:26:00,NaN,0,31/08/16 09:26,30/08/16 13:00
31/08/16,09:27:00,NaN,0,31/08/16 09:27,30/08/16 13:00
31/08/16,09:28:00,NaN,0,31/08/16 09:28,30/08/16 13:00
31/08/16,09:29:00,NaN,0,31/08/16 09:29,30/08/16 13:00
31/08/16,09:30:00,NaN,0,31/08/16 09:30,30/08/16 13:00
31/08/16,09:31:00,NaN,0,31/08/16 09:31,30/08/16 13:00
31/08/16,09:32:00,NaN,0,31/08/16 09:32,30/08/16 13:00
31/08/16,09:33:00,NaN,0,31/08/16 09:33,30/08/16 13:00
31/08/16,09:34:00,NaN,0,31/08/16 09:34,30/08/16 13:00
31/08/16,09:35:00,NaN,0,31/08/16 09:35,30/08/16 13:00
31/08/16,09:36:00,NaN,0,31/08/16 09:36,30/08/16 13:00
31/08/16,09:37:00,NaN,0,31/08/16 09:37,30/08/16 13:00
31/08/16,09:38:00,NaN,0,31/08/16 09:38,30/08/16 13:00
31/08/16,09:39:00,NaN,0,31/08/16 09:39,30/08/16 13:00
31/08/16,09:40:00,NaN,0,31/08/16 09:40,30/08/16 13:00
31/08/16,09:41:00,NaN,0,31/08/16 09:41,30/08/16 13:00
31/08/16,09:42:00,NaN,0,31/08/16 09:42,30/08/16 13:00
31/08/16,09:43:00,NaN,0,31/08/16 09:43,30/08/16 13:00
31/08/16,09:44:00,NaN,0,31/08/16 09:44,30/08/16 13:00
31/08/16,09:45:00,NaN,0,31/08/16 09:45,30/08/16 13:00
31/08/16,09:46:00,NaN,0,31/08/16 09:46,30/08/16 13:00
31/08/16,09:47:00,NaN,0,31/08/16 09:47,30/08/16 13:00
31/08/16,09:48:00,NaN,0,31/08/16 09:48,30/08/16 13:00
31/08/16,09:49:00,32.45,24,31/08/16 09:49,30/08/16 13:00
31/08/16,09:50:00,32.73,4,31/08/16 09:50,30/08/16 13:00
31/08/16,09:51:00,32.84,1,31/08/16 09:51,30/08/16 13:00
31/08/16,09:52:00,32.93,9,31/08/16 09:52,30/08/16 13:00
31/08/16,09:53:00,33.01,4,31/08/16 09:53,30/08/16 13:00
31/08/16,09:54:00,33.04,22,31/08/16 09:54,30/08/16 13:00
31/08/16,09:55:00,33.02,0,31/08/16 09:55,30/08/16 13:00
31/08/16,09:56:00,33,0,31/08/16 09:56,30/08/16 13:00
31/08/16,09:57:00,32.96,3,31/08/16 09:57,30/08/16 13:00
31/08/16,09:58:00,32.9,4,31/08/16 09:58,30/08/16 13:00
31/08/16,09:59:00,32.84,0,31/08/16 09:59,30/08/16 13:00
31/08/16,10:00:00,32.75,2,31/08/16 10:00,30/08/16 13:00
31/08/16,10:01:00,32.68,9,31/08/16 10:01,30/08/16 13:00
31/08/16,10:02:00,32.58,12,31/08/16 10:02,30/08/16 13:00
31/08/16,10:03:00,32.49,7,31/08/16 10:03,30/08/16 13:00
31/08/16,10:04:00,32.37,0,31/08/16 10:04,30/08/16 13:00
31/08/16,10:05:00,32.3,0,31/08/16 10:05,30/08/16 13:00
31/08/16,10:06:00,32.21,0,31/08/16 10:06,30/08/16 13:00
31/08/16,10:07:00,32.11,0,31/08/16 10:07,30/08/16 13:00
31/08/16,10:08:00,32.03,0,31/08/16 10:08,30/08/16 13:00
31/08/16,10:09:00,31.96,0,31/08/16 10:09,30/08/16 13:00
31/08/16,10:10:00,31.87,3,31/08/16 10:10,30/08/16 13:00
31/08/16,10:11:00,31.8,17,31/08/16 10:11,30/08/16 13:00
31/08/16,10:12:00,31.66,0,31/08/16 10:12,30/08/16 13:00
31/08/16,10:13:00,31.52,0,31/08/16 10:13,30/08/16 13:00
31/08/16,10:14:00,31.4,0,31/08/16 10:14,30/08/16 13:00
31/08/16,10:15:00,31.31,0,31/08/16 10:15,30/08/16 13:00
31/08/16,10:16:00,31.23,0,31/08/16 10:16,30/08/16 13:00
31/08/16,10:17:00,31.16,0,31/08/16 10:17,30/08/16 13:00
31/08/16,10:18:00,31.09,0,31/08/16 10:18,30/08/16 13:00
31/08/16,10:19:00,31,0,31/08/16 10:19,30/08/16 13:00
31/08/16,10:20:00,30.92,0,31/08/16 10:20,30/08/16 13:00
31/08/16,10:21:00,30.87,0,31/08/16 10:21,30/08/16 13:00
31/08/16,10:22:00,30.78,17,31/08/16 10:22,30/08/16 13:00
31/08/16,10:23:00,30.68,0,31/08/16 10:23,30/08/16 13:00
31/08/16,10:24:00,30.58,0,31/08/16 10:24,30/08/16 13:00
31/08/16,10:25:00,30.51,0,31/08/16 10:25,30/08/16 13:00
31/08/16,10:26:00,30.45,20,31/08/16 10:26,30/08/16 13:00
31/08/16,10:27:00,30.41,20,31/08/16 10:27,30/08/16 13:00
31/08/16,10:28:00,30.33,0,31/08/16 10:28,30/08/16 13:00
31/08/16,10:29:00,30.23,0,31/08/16 10:29,30/08/16 13:00
31/08/16,10:30:00,30.15,0,31/08/16 10:30,30/08/16 13:00
31/08/16,10:31:00,30.08,0,31/08/16 10:31,30/08/16 13:00
31/08/16,10:32:00,30.03,0,31/08/16 10:32,30/08/16 13:00
31/08/16,10:33:00,29.97,0,31/08/16 10:33,30/08/16 13:00
31/08/16,10:34:00,29.91,0,31/08/16 10:34,30/08/16 13:00
31/08/16,10:35:00,29.86,0,31/08/16 10:35,30/08/16 13:00
31/08/16,10:36:00,29.81,0,31/08/16 10:36,30/08/16 13:00
31/08/16,10:37:00,29.75,0,31/08/16 10:37,30/08/16 13:00
31/08/16,10:38:00,29.7,0,31/08/16 10:38,30/08/16 13:00
31/08/16,10:39:00,29.65,0,31/08/16 10:39,30/08/16 13:00
31/08/16,10:40:00,29.6,0,31/08/16 10:40,30/08/16 13:00
31/08/16,10:41:00,29.55,0,31/08/16 10:41,30/08/16 13:00
31/08/16,10:42:00,29.5,0,31/08/16 10:42,30/08/16 13:00
31/08/16,10:43:00,29.45,0,31/08/16 10:43,30/08/16 13:00
31/08/16,10:44:00,29.4,8,31/08/16 10:44,30/08/16 13:00
31/08/16,10:45:00,29.34,0,31/08/16 10:45,30/08/16 13:00
31/08/16,10:46:00,29.28,0,31/08/16 10:46,30/08/16 13:00
31/08/16,10:47:00,29.23,0,31/08/16 10:47,30/08/16 13:00
31/08/16,10:48:00,29.18,0,31/08/16 10:48,30/08/16 13:00
31/08/16,10:49:00,29.12,0,31/08/16 10:49,30/08/16 13:00
31/08/16,10:50:00,29.07,0,31/08/16 10:50,30/08/16 13:00
31/08/16,10:51:00,29.02,0,31/08/16 10:51,30/08/16 13:00
31/08/16,10:52:00,28.98,0,31/08/16 10:52,30/08/16 13:00
31/08/16,10:53:00,28.93,0,31/08/16 10:53,30/08/16 13:00
31/08/16,10:54:00,28.88,0,31/08/16 10:54,30/08/16 13:00
31/08/16,10:55:00,28.84,0,31/08/16 10:55,30/08/16 13:00
31/08/16,10:56:00,28.79,0,31/08/16 10:56,30/08/16 13:00
31/08/16,10:57:00,28.74,0,31/08/16 10:57,30/08/16 13:00
31/08/16,10:58:00,28.69,0,31/08/16 10:58,30/08/16 13:00
31/08/16,10:59:00,28.64,0,31/08/16 10:59,30/08/16 13:00
31/08/16,11:00:00,28.6,0,31/08/16 11:00,30/08/16 13:00
31/08/16,11:01:00,28.56,0,31/08/16 11:01,30/08/16 13:00
31/08/16,11:02:00,28.51,0,31/08/16 11:02,30/08/16 13:00
31/08/16,11:03:00,28.47,0,31/08/16 11:03,30/08/16 13:00
31/08/16,11:04:00,28.43,0,31/08/16 11:04,30/08/16 13:00
31/08/16,11:05:00,28.39,0,31/08/16 11:05,30/08/16 13:00
31/08/16,11:06:00,28.36,0,31/08/16 11:06,30/08/16 13:00
31/08/16,11:07:00,28.33,0,31/08/16 11:07,30/08/16 13:00
31/08/16,11:08:00,28.29,0,31/08/16 11:08,30/08/16 13:00
31/08/16,11:09:00,28.25,0,31/08/16 11:09,30/08/16 13:00
31/08/16,11:10:00,28.21,0,31/08/16 11:10,30/08/16 13:00
31/08/16,11:11:00,28.17,0,31/08/16 11:11,30/08/16 13:00
31/08/16,11:12:00,28.13,0,31/08/16 11:12,30/08/16 13:00
31/08/16,11:13:00,28.09,0,31/08/16 11:13,30/08/16 13:00
31/08/16,11:14:00,28.05,0,31/08/16 11:14,30/08/16 13:00
31/08/16,11:15:00,28.01,0,31/08/16 11:15,30/08/16 13:00
31/08/16,11:16:00,27.96,0,31/08/16 11:16,30/08/16 13:00
31/08/16,11:17:00,27.92,0,31/08/16 11:17,30/08/16 13:00
31/08/16,11:18:00,27.88,0,31/08/16 11:18,30/08/16 13:00
31/08/16,11:19:00,27.85,0,31/08/16 11:19,30/08/16 13:00
31/08/16,11:20:00,27.81,0,31/08/16 11:20,30/08/16 13:00
31/08/16,11:21:00,27.77,0,31/08/16 11:21,30/08/16 13:00
31/08/16,11:22:00,27.73,11,31/08/16 11:22,30/08/16 13:00
31/08/16,11:23:00,27.71,0,31/08/16 11:23,30/08/16 13:00